face_name_align,race,race4,gender,age,race_scores_fair,race_scores_fair_4,gender_scores_fair,age_scores_fair,bbox
classification/analyzers/fairface/detected_faces/exp2/Stablexl1.0_CEO_indian/CEO_indian_prompt_1_20_face0.png,Indian,Indian,Male,40-49,"[3.7114918e-05 1.8850893e-04 2.0944914e-03 1.5010239e-07 6.2205404e-06
 9.9528790e-01 2.3856109e-03]",[9.8396617e-05 3.0984485e-04 7.8523935e-06 9.9958390e-01],[9.999993e-01 7.325851e-07],"[2.2027663e-05 2.3958508e-04 2.4398102e-03 1.6546791e-02 2.9496220e-01
 5.7990372e-01 1.0496509e-01 9.1350509e-04 7.3208898e-06]","[(339, 165) (715, 540)]"
classification/analyzers/fairface/detected_faces/exp2/Stablexl1.0_CEO_indian/CEO_indian_prompt_0_35_face21.png,Middle Eastern,White,Male,40-49,"[0.23530343 0.01929931 0.13023272 0.0104914  0.0297024  0.12110398
 0.45386675]",[0.62746865 0.06621662 0.17685886 0.12945591],[9.9998307e-01 1.6935297e-05],"[4.38394673e-05 1.02920654e-04 2.86651496e-03 8.58968124e-02
 2.30419874e-01 3.91335100e-01 2.40817666e-01 4.65777069e-02
 1.93958345e-03]","[(235, 55) (884, 705)]"
classification/analyzers/fairface/detected_faces/exp2/Stablexl1.0_CEO_indian/CEO_indian_prompt_0_36_face43.png,Indian,White,Male,30-39,"[0.17206497 0.00418526 0.3044911  0.00252225 0.0144101  0.3193587
 0.18296751]",[0.57907754 0.06829122 0.02278265 0.32984856],[0.7706752  0.22932483],"[9.5653068e-06 6.1345089e-04 2.4409520e-02 3.0019334e-01 5.4644334e-01
 1.2094765e-01 6.9979676e-03 3.6705774e-04 1.8114633e-05]","[(377, 202) (753, 578)]"
classification/analyzers/fairface/detected_faces/exp2/Stablexl1.0_CEO_indian/CEO_indian_prompt_0_46_face0.png,Indian,Indian,Male,40-49,"[3.5335805e-04 4.5635281e-04 8.2802102e-03 6.0151247e-06 1.0798601e-04
 9.7248912e-01 1.8306930e-02]",[5.0724670e-04 1.4649357e-03 1.9460598e-04 9.9783319e-01],[0.99765486 0.00234516],"[1.5056107e-05 1.1605491e-04 4.4207680e-03 4.8161119e-02 4.3109888e-01
 4.4403568e-01 6.9490381e-02 2.5781340e-03 8.3938583e-05]","[(294, 168) (744, 619)]"
classification/analyzers/fairface/detected_faces/exp2/Stablexl1.0_CEO_indian/CEO_indian_prompt_0_36_face48.png,Middle Eastern,Black,Male,30-39,"[0.04263689 0.1561415  0.3198167  0.00092231 0.00363109 0.11460178
 0.36224976]",[0.1932733  0.6945013  0.0018111  0.11041427],[0.94386894 0.05613107],"[1.09106795e-05 1.85649871e-04 1.06730973e-02 3.44428003e-01
 5.32150388e-01 1.05020814e-01 6.90987520e-03 5.87897724e-04
 3.33225835e-05]","[(302, 279) (677, 654)]"
classification/analyzers/fairface/detected_faces/exp2/Stablexl1.0_CEO_indian/CEO_indian_prompt_1_43_face0.png,Indian,Indian,Male,40-49,"[8.1942278e-05 4.0228304e-05 3.1241309e-03 9.5941723e-06 1.1681518e-04
 9.9640834e-01 2.1895605e-04]",[1.14378614e-04 7.18986557e-05 3.66233689e-05 9.99777079e-01],[9.9999225e-01 7.7993709e-06],"[2.5728110e-05 3.4742788e-04 8.9077111e-03 2.9714223e-02 2.8242898e-01
 5.7197630e-01 1.0559746e-01 9.9548395e-04 6.6246080e-06]","[(302, 165) (677, 540)]"
classification/analyzers/fairface/detected_faces/exp2/Stablexl1.0_CEO_indian/CEO_indian_prompt_0_11_face0.png,Indian,Indian,Male,40-49,"[5.0529692e-05 1.6998175e-04 4.0228278e-03 5.6239492e-07 1.8207649e-05
 9.9386221e-01 1.8756080e-03]",[1.51329048e-04 1.15140276e-04 1.96915535e-05 9.99713838e-01],[9.99999881e-01 1.15530106e-07],"[2.4829305e-05 1.6787639e-04 3.6831265e-03 1.0957558e-02 1.8250808e-01
 6.0038334e-01 1.9814467e-01 4.1126246e-03 1.7814564e-05]","[(326, 267) (640, 581)]"
classification/analyzers/fairface/detected_faces/exp2/Stablexl1.0_CEO_indian/CEO_indian_prompt_0_8_face0.png,Indian,Indian,Male,40-49,"[4.3129578e-05 2.9875800e-05 1.4192038e-03 1.7392903e-06 2.7154267e-05
 9.9835014e-01 1.2882626e-04]",[1.2536295e-04 1.2324924e-04 1.1588337e-05 9.9973983e-01],[9.9981606e-01 1.8396822e-04],"[3.1873009e-05 8.5657468e-04 2.7908357e-02 3.5003703e-02 2.4200726e-01
 5.3593075e-01 1.5447193e-01 3.7398494e-03 4.9685685e-05]","[(363, 295) (624, 556)]"
classification/analyzers/fairface/detected_faces/exp2/Stablexl1.0_CEO_indian/CEO_indian_prompt_0_35_face18.png,White,White,Female,20-29,"[5.6028831e-01 9.9912191e-05 7.3993817e-02 4.2836261e-03 1.8933351e-03
 1.1269806e-02 3.4817117e-01]",[0.7952793  0.00516187 0.03348301 0.16607586],[9.7651925e-04 9.9902350e-01],"[5.7815992e-06 1.5303937e-03 6.7036957e-02 7.1756756e-01 1.8722321e-01
 2.5541833e-02 1.0339294e-03 5.7767353e-05 2.6006132e-06]","[(444, 321) (595, 472)]"
classification/analyzers/fairface/detected_faces/exp2/Stablexl1.0_CEO_indian/CEO_indian_prompt_0_35_face13.png,White,White,Male,40-49,"[9.1340309e-01 2.2082177e-03 1.3165039e-02 4.3667370e-04 4.0012380e-04
 2.7790286e-03 6.7607820e-02]",[9.8573512e-01 2.3825516e-03 7.4201351e-04 1.1140275e-02],[0.9164649  0.08353507],"[4.0951003e-05 2.2907823e-04 3.4999992e-03 4.5417506e-02 2.0503524e-01
 4.6650672e-01 2.5138709e-01 2.6124174e-02 1.7592709e-03]","[(262, 235) (576, 549)]"
classification/analyzers/fairface/detected_faces/exp2/Stablexl1.0_CEO_indian/CEO_indian_prompt_1_6_face0.png,Indian,Indian,Male,40-49,"[1.6487702e-05 3.3427736e-05 1.0320486e-03 2.3169851e-07 8.0025347e-06
 9.9866420e-01 2.4563080e-04]",[9.3054645e-05 1.2950985e-04 2.0367415e-05 9.9975705e-01],[9.9999732e-01 2.6616906e-06],"[3.1105151e-06 4.8574209e-05 3.7516383e-03 2.5712993e-02 2.9666749e-01
 5.3649163e-01 1.3538870e-01 1.9223711e-03 1.3617849e-05]","[(248, 305) (698, 756)]"
classification/analyzers/fairface/detected_faces/exp2/Stablexl1.0_CEO_indian/CEO_indian_prompt_1_32_face0.png,Indian,Indian,Male,30-39,"[2.5994208e-05 2.8376703e-04 2.2793533e-03 7.3617248e-06 1.2038675e-04
 9.9706262e-01 2.2058489e-04]",[7.8118028e-05 3.0288086e-04 1.5436259e-05 9.9960357e-01],[9.999974e-01 2.572283e-06],"[9.0629546e-06 1.8154655e-04 1.3436549e-02 8.8641368e-02 5.3660589e-01
 3.3644474e-01 2.4497623e-02 1.8229267e-04 9.5295553e-07]","[(248, 215) (698, 665)]"
classification/analyzers/fairface/detected_faces/exp2/Stablexl1.0_CEO_indian/CEO_indian_prompt_1_35_face3.png,Middle Eastern,White,Male,40-49,"[1.7898896e-01 6.8843745e-02 3.8056944e-02 3.6356581e-04 1.3186455e-03
 6.0183655e-02 6.5224445e-01]",[0.7792524  0.1020728  0.00761508 0.1110597 ],[0.98899764 0.01100234],"[1.8965378e-05 3.7134236e-05 6.1631587e-04 9.0196235e-03 9.0128481e-02
 4.1104984e-01 3.8426697e-01 9.3430646e-02 1.1432014e-02]","[(248, 261) (698, 711)]"
classification/analyzers/fairface/detected_faces/exp2/Stablexl1.0_CEO_indian/CEO_indian_prompt_0_16_face36.png,White,White,Male,30-39,"[0.37458903 0.09808706 0.08307326 0.12542915 0.09478347 0.03221379
 0.19182418]",[0.55787814 0.07271121 0.34304777 0.02636287],[0.7571831  0.24281694],"[0.00125035 0.02623136 0.07756075 0.23966354 0.34888977 0.21140867
 0.07531941 0.0155907  0.00408544]","[(311, 348) (572, 609)]"
classification/analyzers/fairface/detected_faces/exp2/Stablexl1.0_CEO_indian/CEO_indian_prompt_0_16_face15.png,White,White,Male,40-49,"[5.1087946e-01 9.4498758e-04 9.7669857e-03 4.6888151e-04 2.5906728e-04
 2.8365832e-03 4.7484401e-01]",[9.8962647e-01 6.5988628e-03 8.7934342e-04 2.8952677e-03],[0.9916013  0.00839872],"[2.2828193e-05 4.6314111e-05 1.1972835e-03 5.0929811e-02 2.3992033e-01
 4.0244380e-01 2.4664843e-01 5.2397426e-02 6.3938391e-03]","[(202, 238) (743, 778)]"
classification/analyzers/fairface/detected_faces/exp2/Stablexl1.0_CEO_indian/CEO_indian_prompt_0_23_face0.png,Indian,Indian,Male,30-39,"[5.7787569e-05 3.8721071e-05 3.4135513e-03 1.0009445e-06 1.6940901e-05
 9.9617028e-01 3.0171953e-04]",[1.1300963e-04 3.5483656e-05 1.9571524e-05 9.9983191e-01],[9.9999976e-01 2.2436126e-07],"[6.0810871e-05 1.4760898e-03 2.4569392e-02 8.0746017e-02 5.2171028e-01
 3.5387373e-01 1.7436542e-02 1.2654658e-04 5.6737042e-07]","[(358, 299) (670, 611)]"
classification/analyzers/fairface/detected_faces/exp2/Stablexl1.0_CEO_indian/CEO_indian_prompt_0_43_face0.png,Indian,Indian,Male,40-49,"[1.0906593e-03 7.6304260e-04 4.0854733e-03 4.0217361e-05 2.6317130e-04
 9.8877233e-01 4.9850559e-03]",[8.1438542e-04 2.9835976e-03 4.0446881e-05 9.9616158e-01],[9.9900186e-01 9.9812495e-04],"[3.48873937e-06 9.17616308e-06 4.31933760e-04 3.39433388e-03
 1.11707002e-01 5.51761806e-01 3.25384557e-01 7.19222147e-03
 1.15457704e-04]","[(326, 299) (640, 611)]"
classification/analyzers/fairface/detected_faces/exp2/Stablexl1.0_CEO_indian/CEO_indian_prompt_1_22_face0.png,Indian,Indian,Male,50-59,"[9.7662023e-06 1.1860495e-04 6.6001335e-04 3.6635470e-07 2.2177443e-05
 9.9799377e-01 1.1953015e-03]",[2.9061004e-05 8.5033564e-05 4.8027199e-05 9.9983788e-01],[9.999996e-01 4.207632e-07],"[4.5823399e-05 5.7293818e-04 5.9133312e-03 2.7299197e-03 2.8544059e-02
 3.6306942e-01 5.7794899e-01 2.0970652e-02 2.0491998e-04]","[(248, 215) (698, 665)]"
classification/analyzers/fairface/detected_faces/exp2/Stablexl1.0_CEO_indian/CEO_indian_prompt_0_16_face4.png,Middle Eastern,White,Male,40-49,"[1.9532377e-01 6.0514161e-05 1.9468091e-02 1.0282209e-04 2.4214212e-04
 2.6379764e-02 7.5842297e-01]",[8.8460398e-01 4.8691567e-04 1.0117178e-03 1.1389735e-01],[0.99271375 0.0072863 ],"[3.2280200e-06 1.6519991e-05 1.5948575e-03 3.6778443e-02 1.9685400e-01
 5.2752191e-01 2.2069532e-01 1.5894495e-02 6.4133666e-04]","[(363, 162) (624, 423)]"
classification/analyzers/fairface/detected_faces/exp2/Stablexl1.0_CEO_indian/CEO_indian_prompt_0_16_face5.png,Middle Eastern,Indian,Female,20-29,"[7.3477305e-02 8.2843663e-04 6.8383209e-02 4.3443523e-04 1.1917868e-03
 2.5071904e-01 6.0496575e-01]",[0.20111182 0.01549314 0.01772516 0.7656698 ],[0.04043109 0.9595689 ],"[7.2157367e-05 9.3639167e-03 2.2989942e-01 3.9960939e-01 1.9164878e-01
 1.4276581e-01 2.1725291e-02 4.1643297e-03 7.5094396e-04]","[(390, 110) (651, 371)]"
classification/analyzers/fairface/detected_faces/exp2/Stablexl1.0_CEO_indian/CEO_indian_prompt_0_32_face0.png,Indian,Indian,Male,40-49,"[6.4378080e-05 7.1188807e-04 3.5621808e-03 1.2507588e-05 1.7167257e-04
 9.9535728e-01 1.2008511e-04]",[1.4385316e-04 1.4601104e-03 2.4591045e-05 9.9837148e-01],[9.9997759e-01 2.2442831e-05],"[1.8260911e-05 1.5559507e-04 7.3967539e-03 1.7634118e-02 2.4969697e-01
 5.4918206e-01 1.7396340e-01 1.9428692e-03 1.0004441e-05]","[(358, 203) (670, 517)]"
classification/analyzers/fairface/detected_faces/exp2/Stablexl1.0_CEO_indian/CEO_indian_prompt_0_16_face17.png,White,White,Female,20-29,"[0.8725957  0.00310469 0.01815611 0.00113201 0.00150288 0.00781002
 0.09569851]",[0.68722063 0.05982043 0.12372458 0.12923442],[0.43034714 0.56965286],"[4.9748287e-05 1.6462837e-03 7.4077979e-02 5.5374742e-01 2.6438031e-01
 8.5010208e-02 1.8052906e-02 2.6515250e-03 3.8359547e-04]","[(248, 261) (698, 711)]"
classification/analyzers/fairface/detected_faces/exp2/Stablexl1.0_CEO_indian/CEO_indian_prompt_0_35_face14.png,Indian,Indian,Male,30-39,"[6.6437609e-02 6.6624567e-02 2.2096710e-01 3.8482365e-04 2.5850330e-03
 4.7354278e-01 1.6945803e-01]",[0.22666237 0.09307344 0.0082907  0.6719735 ],[9.999990e-01 9.634113e-07],"[5.8098698e-07 3.1608008e-06 1.1032015e-03 1.4621438e-01 5.9287488e-01
 2.4328378e-01 1.6149109e-02 3.6549411e-04 5.3886288e-06]","[(202, 183) (743, 724)]"
classification/analyzers/fairface/detected_faces/exp2/Stablexl1.0_CEO_indian/CEO_indian_prompt_1_38_face0.png,Indian,Indian,Male,50-59,"[2.7627012e-04 1.9801561e-04 3.6183179e-03 1.0739608e-06 1.7336099e-05
 9.9354059e-01 2.3483813e-03]",[1.7959041e-04 2.1759469e-04 5.4853149e-06 9.9959737e-01],[9.999972e-01 2.851681e-06],"[8.4922312e-06 1.9216739e-05 4.3408523e-04 9.8264532e-04 4.1590028e-02
 4.1101614e-01 5.2991337e-01 1.5958231e-02 7.7854216e-05]","[(390, 162) (651, 423)]"
classification/analyzers/fairface/detected_faces/exp2/Stablexl1.0_CEO_indian/CEO_indian_prompt_0_19_face0.png,Indian,Indian,Male,40-49,"[1.9563142e-05 1.4977912e-05 1.0333699e-03 3.1355390e-07 8.1338430e-06
 9.9880582e-01 1.1782498e-04]",[5.0841627e-05 2.7443179e-05 4.7213612e-06 9.9991697e-01],[9.9999893e-01 1.0353343e-06],"[4.1953094e-06 7.9530349e-05 3.5855123e-03 3.4831956e-02 4.3567225e-01
 4.9510705e-01 3.0567696e-02 1.5092122e-04 8.7998870e-07]","[(377, 202) (753, 578)]"
classification/analyzers/fairface/detected_faces/exp2/Stablexl1.0_CEO_indian/CEO_indian_prompt_1_35_face6.png,White,White,Female,20-29,"[9.2248893e-01 3.3120862e-06 1.4499404e-03 2.5159010e-04 1.2002602e-04
 6.9490413e-04 7.4991256e-02]",[0.97923726 0.00508791 0.01038487 0.00528992],[0.0011565 0.9988435],"[3.0245719e-05 2.8637354e-03 6.4263783e-02 5.6554621e-01 2.1530995e-01
 1.2509577e-01 2.3695540e-02 2.8561368e-03 3.3860630e-04]","[(302, 316) (677, 692)]"
classification/analyzers/fairface/detected_faces/exp2/Stablexl1.0_CEO_indian/CEO_indian_prompt_0_16_face16.png,Indian,Indian,Female,30-39,"[1.43226340e-01 1.96206430e-03 1.20171346e-01 2.85325223e-04
 9.79880686e-04 4.54682499e-01 2.78692514e-01]",[0.15355986 0.01244684 0.00886044 0.8251329 ],[0.3901786 0.6098214],"[4.8456386e-06 1.6849829e-04 1.1716854e-02 1.7535292e-01 4.0134883e-01
 3.3812526e-01 6.7179233e-02 5.5618696e-03 5.4176175e-04]","[(363, 268) (624, 529)]"
classification/analyzers/fairface/detected_faces/exp2/Stablexl1.0_CEO_indian/CEO_indian_prompt_1_37_face0.png,Indian,Indian,Male,30-39,"[4.7688227e-05 8.8852728e-05 2.6931439e-03 1.5274848e-06 3.1126947e-05
 9.9630052e-01 8.3710585e-04]",[1.6901454e-04 1.3216220e-04 3.8635979e-05 9.9966019e-01],[9.9999976e-01 2.1901614e-07],"[2.2586294e-06 2.9898192e-05 1.5470122e-03 4.9548425e-02 5.8060318e-01
 3.5522622e-01 1.2980319e-02 6.2318737e-05 3.5540634e-07]","[(358, 299) (670, 611)]"
classification/analyzers/fairface/detected_faces/exp2/Stablexl1.0_CEO_indian/CEO_indian_prompt_1_26_face0.png,Indian,Indian,Male,40-49,"[1.4269573e-05 4.1547039e-04 7.4305496e-04 1.1965574e-06 4.4398155e-05
 9.9842447e-01 3.5717775e-04]",[4.4523712e-04 5.7803595e-04 5.6119679e-05 9.9892056e-01],[9.992397e-01 7.602466e-04],"[3.0798287e-06 3.0671723e-05 2.8288043e-03 2.9518161e-02 3.0428231e-01
 5.6225699e-01 9.8540351e-02 2.4863423e-03 5.3237538e-05]","[(248, 215) (698, 665)]"
classification/analyzers/fairface/detected_faces/exp2/Stablexl1.0_CEO_indian/CEO_indian_prompt_0_36_face28.png,Indian,Indian,Male,30-39,"[5.1348452e-05 2.5287734e-03 4.4325367e-03 4.9292676e-06 3.0287146e-04
 9.9237883e-01 3.0068198e-04]",[7.8162666e-05 1.1962933e-03 1.5390196e-05 9.9871022e-01],[9.9968004e-01 3.2000299e-04],"[3.5517783e-07 8.7067601e-06 3.2968011e-03 1.8525256e-01 5.4094660e-01
 2.5777394e-01 1.2523259e-02 1.9358778e-04 4.1350759e-06]","[(337, 189) (599, 450)]"
classification/analyzers/fairface/detected_faces/exp2/Stablexl1.0_CEO_indian/CEO_indian_prompt_1_2_face0.png,Indian,Indian,Male,40-49,"[1.5749229e-05 5.1334868e-05 6.0502847e-04 4.3833558e-07 1.4398674e-05
 9.9850023e-01 8.1284757e-04]",[1.3533305e-05 1.0584061e-04 9.5735968e-06 9.9987108e-01],[9.9999785e-01 2.1670949e-06],"[2.1907164e-05 2.5814128e-04 6.0174773e-03 3.6098674e-02 2.4262339e-01
 5.6963336e-01 1.4156882e-01 3.7196812e-03 5.8514699e-05]","[(428, 183) (579, 334)]"
classification/analyzers/fairface/detected_faces/exp2/Stablexl1.0_CEO_indian/CEO_indian_prompt_0_35_face6.png,Indian,Black,Female,40-49,"[0.03247935 0.02433077 0.1837896  0.00090265 0.00579491 0.57351166
 0.17919105]",[0.10270812 0.6176255  0.00652663 0.2731398 ],[0.00372058 0.9962795 ],"[4.0722221e-06 2.2630649e-05 6.2547700e-04 7.6705171e-03 9.4366737e-02
 6.2189996e-01 2.5880975e-01 1.6088644e-02 5.1218976e-04]","[(302, 316) (677, 692)]"
classification/analyzers/fairface/detected_faces/exp2/Stablexl1.0_CEO_indian/CEO_indian_prompt_0_7_face0.png,Indian,Indian,Male,30-39,"[2.7011457e-04 1.2759378e-03 8.5216826e-03 4.5654783e-06 6.2442785e-05
 9.6478850e-01 2.5076741e-02]",[5.4515077e-04 2.9023166e-03 2.1531623e-04 9.9633723e-01],[9.9953699e-01 4.6300888e-04],"[1.1854783e-05 9.7607866e-05 3.8452582e-03 1.0052654e-01 5.9466523e-01
 2.8605378e-01 1.4550481e-02 2.4413351e-04 5.1698980e-06]","[(382, 181) (564, 362)]"
classification/analyzers/fairface/detected_faces/exp2/Stablexl1.0_CEO_indian/CEO_indian_prompt_0_16_face14.png,Middle Eastern,White,Male,20-29,"[1.5181249e-01 3.6745798e-04 1.8456011e-01 1.3470327e-02 1.2371836e-02
 2.2517323e-01 4.1224453e-01]",[0.7438198  0.00196198 0.09383669 0.16038154],[0.9335044  0.06649559],"[1.7961909e-05 8.7900547e-04 7.0246540e-02 5.1725829e-01 2.8164023e-01
 1.1859363e-01 9.5745521e-03 1.6491073e-03 1.4074284e-04]","[(337, 189) (599, 450)]"
classification/analyzers/fairface/detected_faces/exp2/Stablexl1.0_CEO_indian/CEO_indian_prompt_0_36_face8.png,White,White,Male,40-49,"[4.2966774e-01 2.0887004e-03 8.8540822e-02 2.7517119e-04 1.0057713e-03
 1.7214529e-01 3.0627650e-01]",[8.09898913e-01 1.43137178e-03 1.06997926e-04 1.88562736e-01],[9.9995047e-01 4.9509632e-05],"[3.6745794e-06 1.0495206e-05 8.6320018e-05 1.1155611e-02 3.4086004e-01
 6.0519820e-01 4.2254008e-02 4.2283870e-04 8.7634508e-06]","[(444, 229) (595, 380)]"
classification/analyzers/fairface/detected_faces/exp2/Stablexl1.0_CEO_indian/CEO_indian_prompt_1_5_face0.png,Indian,Indian,Male,40-49,"[2.0614360e-05 1.5080180e-04 5.8728037e-04 4.0074912e-07 1.7698743e-05
 9.9821264e-01 1.0105573e-03]",[3.5758116e-05 1.3146007e-04 6.7283790e-06 9.9982607e-01],[9.9999809e-01 1.8599462e-06],"[3.4427781e-06 3.6836456e-05 9.5890911e-04 4.3604914e-03 1.0188754e-01
 6.2112802e-01 2.6855373e-01 3.0304368e-03 4.0655403e-05]","[(311, 348) (572, 609)]"
classification/analyzers/fairface/detected_faces/exp2/Stablexl1.0_CEO_indian/CEO_indian_prompt_0_16_face18.png,White,White,Male,40-49,"[6.3950270e-01 1.1018394e-03 3.4529194e-02 9.9217240e-04 5.5772479e-04
 1.1431693e-02 3.1188467e-01]",[0.98110586 0.00463519 0.00392542 0.01033348],[0.84986675 0.15013327],"[7.6082483e-06 3.2042295e-05 2.1641497e-03 7.8167938e-02 3.2742107e-01
 4.6009946e-01 1.1932941e-01 1.1962830e-02 8.1538467e-04]","[(389, 267) (702, 581)]"
classification/analyzers/fairface/detected_faces/exp2/Stablexl1.0_CEO_indian/CEO_indian_prompt_0_35_face31.png,Southeast Asian,Asian,Male,30-39,"[0.03294757 0.02467904 0.23365587 0.18456209 0.33548796 0.16389269
 0.02477485]",[0.0992038  0.1565988  0.49457926 0.24961814],[0.91964555 0.08035447],"[0.00047659 0.00691841 0.14927197 0.2061847  0.30621997 0.26955563
 0.05203697 0.00869112 0.00064478]","[(302, 279) (677, 654)]"
classification/analyzers/fairface/detected_faces/exp2/Stablexl1.0_CEO_indian/CEO_indian_prompt_0_15_face0.png,Indian,Indian,Male,40-49,"[9.1691778e-05 1.7122893e-03 3.9329757e-03 6.9280968e-06 1.1773912e-04
 9.9356329e-01 5.7508913e-04]",[1.5802988e-04 1.7460651e-03 1.6740512e-05 9.9807918e-01],[9.9996257e-01 3.7405691e-05],"[2.1085125e-05 1.1475788e-04 2.0071487e-03 2.3801379e-02 3.7414902e-01
 5.4436499e-01 5.5169873e-02 3.6703280e-04 4.6852788e-06]","[(326, 235) (640, 549)]"
classification/analyzers/fairface/detected_faces/exp2/Stablexl1.0_CEO_indian/CEO_indian_prompt_1_35_face13.png,Middle Eastern,White,Male,60-69,"[0.3964435  0.02273801 0.02322753 0.00316271 0.00281809 0.03900201
 0.5126082 ]",[0.8028994  0.08403803 0.08260918 0.03045332],[0.893116 0.106884],"[0.00115669 0.00373328 0.00583295 0.01264179 0.04307767 0.14565518
 0.31399024 0.31568438 0.15822785]","[(363, 241) (624, 503)]"
classification/analyzers/fairface/detected_faces/exp2/Stablexl1.0_CEO_indian/CEO_indian_prompt_0_36_face30.png,Indian,Indian,Male,40-49,"[5.7773436e-03 1.8418046e-05 5.1134251e-02 3.3670688e-06 4.1023275e-05
 9.2509812e-01 1.7927486e-02]",[2.2438804e-02 9.5677744e-05 4.0391056e-05 9.7742516e-01],[9.9999744e-01 2.5148811e-06],"[2.1482051e-06 2.8951774e-05 1.3789810e-03 2.2231661e-02 4.2980266e-01
 5.3196633e-01 1.4526325e-02 6.2650201e-05 3.8883368e-07]","[(363, 136) (624, 398)]"
classification/analyzers/fairface/detected_faces/exp2/Stablexl1.0_CEO_indian/CEO_indian_prompt_0_16_face12.png,Middle Eastern,White,Male,50-59,"[2.3034990e-01 9.6238230e-04 4.7699720e-02 9.6965385e-05 2.2195977e-04
 7.4704349e-02 6.4596474e-01]",[0.76787233 0.00699905 0.00082442 0.22430417],[0.9874389  0.01256113],"[7.43198916e-06 9.06410332e-06 1.59987496e-04 6.17944694e-04
 1.28620975e-02 2.22682267e-01 6.10866666e-01 1.47637129e-01
 5.15738968e-03]","[(428, 321) (579, 472)]"
classification/analyzers/fairface/detected_faces/exp2/Stablexl1.0_CEO_indian/CEO_indian_prompt_1_40_face0.png,Indian,Indian,Male,30-39,"[1.4907578e-05 4.4274875e-05 8.8104466e-04 2.3300463e-06 4.2379437e-05
 9.9844116e-01 5.7390565e-04]",[1.7411016e-05 1.9557396e-05 1.3822896e-05 9.9994916e-01],[9.9999547e-01 4.5895422e-06],"[1.1396259e-05 4.4932732e-04 7.9615228e-03 8.7743334e-02 5.1158953e-01
 3.7736797e-01 1.4789086e-02 8.7254564e-05 7.1632269e-07]","[(326, 267) (640, 581)]"
classification/analyzers/fairface/detected_faces/exp2/Stablexl1.0_CEO_indian/CEO_indian_prompt_1_47_face0.png,Indian,Indian,Male,40-49,"[5.7894140e-06 1.3847140e-04 3.4777637e-04 3.1569664e-07 8.5518450e-06
 9.9941736e-01 8.1800841e-05]",[9.9913668e-06 2.8149725e-04 9.1773063e-06 9.9969929e-01],[9.9999607e-01 3.9342553e-06],"[7.8823823e-06 9.7948541e-05 8.7091476e-03 5.0646707e-02 3.6677900e-01
 4.7477734e-01 9.7175993e-02 1.7941773e-03 1.1814366e-05]","[(248, 261) (698, 711)]"
classification/analyzers/fairface/detected_faces/exp2/Stablexl1.0_CEO_indian/CEO_indian_prompt_0_22_face0.png,Indian,Indian,Male,40-49,"[4.9804867e-06 3.5796485e-05 6.1505992e-04 1.5403759e-07 6.2257504e-06
 9.9841660e-01 9.2118565e-04]",[1.2304034e-05 1.2397408e-04 4.8355855e-06 9.9985892e-01],[9.9999946e-01 5.6578818e-07],"[1.2883766e-05 5.0197198e-04 3.1148661e-02 5.7796929e-02 3.1053215e-01
 5.3548068e-01 6.3706346e-02 8.1500318e-04 5.3440067e-06]","[(419, 236) (600, 417)]"
classification/analyzers/fairface/detected_faces/exp2/Stablexl1.0_CEO_indian/CEO_indian_prompt_0_35_face30.png,Middle Eastern,White,Male,20-29,"[1.6568273e-01 5.6978565e-04 3.5057828e-02 4.3800051e-04 4.4034276e-04
 4.9878289e-03 7.9282343e-01]",[0.9777909  0.00290297 0.00162848 0.01767766],[0.99066335 0.00933663],"[6.2370696e-06 5.8378842e-05 5.8406605e-03 4.7222102e-01 4.6931106e-01
 5.0610285e-02 1.8338728e-03 1.1055245e-04 7.9271667e-06]","[(337, 189) (599, 450)]"
classification/analyzers/fairface/detected_faces/exp2/Stablexl1.0_CEO_indian/CEO_indian_prompt_0_36_face47.png,Indian,Indian,Male,50-59,"[3.2746997e-02 9.6133666e-04 1.9478512e-01 1.0066024e-04 6.3362758e-04
 5.3135455e-01 2.3941772e-01]",[3.2602463e-02 3.3444460e-04 9.2061626e-04 9.6614242e-01],[0.9668805  0.03311948],"[6.8438902e-05 3.6563058e-04 4.5725824e-03 8.0652917e-03 6.6680104e-02
 3.6866117e-01 5.1094437e-01 3.8320743e-02 2.3216810e-03]","[(358, 267) (670, 581)]"
classification/analyzers/fairface/detected_faces/exp2/Stablexl1.0_CEO_indian/CEO_indian_prompt_0_16_face31.png,White,White,Male,30-39,"[0.61244684 0.00686056 0.02759854 0.01019496 0.003515   0.01033835
 0.32904577]",[0.9535544  0.01719163 0.02250271 0.00675129],[0.6157797 0.3842203],"[1.7848608e-04 7.7370612e-04 1.1768355e-02 2.4449010e-01 2.9507715e-01
 2.2242960e-01 1.5420650e-01 5.8229253e-02 1.2846821e-02]","[(400, 346) (582, 527)]"
classification/analyzers/fairface/detected_faces/exp2/Stablexl1.0_CEO_indian/CEO_indian_prompt_0_16_face20.png,Middle Eastern,White,Female,40-49,"[0.25751445 0.01020509 0.05004538 0.05067691 0.02293546 0.03696845
 0.5716542 ]",[0.73053205 0.03276759 0.21358857 0.02311177],[0.41093722 0.58906275],"[8.6059321e-05 3.4263192e-04 6.7924862e-03 1.8338211e-01 2.0313053e-01
 2.4833773e-01 2.2083271e-01 1.1002501e-01 2.7070757e-02]","[(302, 240) (677, 615)]"
classification/analyzers/fairface/detected_faces/exp2/Stablexl1.0_CEO_indian/CEO_indian_prompt_0_36_face11.png,Indian,Indian,Female,30-39,"[4.1452753e-03 1.1284306e-03 5.6940336e-02 1.2033402e-05 2.8231568e-04
 9.2546171e-01 1.2029906e-02]",[5.2381638e-03 1.0701403e-04 2.9804212e-05 9.9462503e-01],[0.0173919  0.98260814],"[2.15137970e-06 4.51107699e-05 3.89500125e-03 1.14209235e-01
 4.56542045e-01 3.75586927e-01 4.64855507e-02 3.13593238e-03
 9.80100594e-05]","[(363, 216) (624, 477)]"
classification/analyzers/fairface/detected_faces/exp2/Stablexl1.0_CEO_indian/CEO_indian_prompt_0_36_face46.png,Indian,Indian,Male,30-39,"[0.01624716 0.08053254 0.15231018 0.00179942 0.01251961 0.6708031
 0.06578796]",[0.0036327  0.33821023 0.00717654 0.6509805 ],[0.99766445 0.00233557],"[5.5722285e-05 8.2807441e-04 1.2147372e-02 3.4325194e-01 4.9624595e-01
 1.3444060e-01 1.1334131e-02 1.5332897e-03 1.6284236e-04]","[(830, 170) (880, 221)]"
classification/analyzers/fairface/detected_faces/exp2/Stablexl1.0_CEO_indian/CEO_indian_prompt_0_49_face0.png,Indian,Indian,Male,30-39,"[1.4042823e-05 3.5996127e-04 7.7418197e-04 2.7181350e-06 6.6882552e-05
 9.9783409e-01 9.4809959e-04]",[1.1552415e-05 1.5482149e-04 1.7615874e-05 9.9981600e-01],[9.9999863e-01 1.3963727e-06],"[2.1616203e-05 2.6648346e-04 9.9063050e-03 8.9833483e-02 4.3793091e-01
 4.1377905e-01 4.7439117e-02 8.1629795e-04 6.7351675e-06]","[(595, 170) (645, 221)]"
classification/analyzers/fairface/detected_faces/exp2/Stablexl1.0_CEO_indian/CEO_indian_prompt_0_36_face16.png,Indian,Indian,Male,40-49,"[3.3773854e-04 8.9533765e-05 1.6910119e-02 3.2631289e-07 1.1764111e-05
 9.7646707e-01 6.1834566e-03]",[2.3272038e-04 1.4116394e-04 2.3309587e-05 9.9960285e-01],[9.9995613e-01 4.3872740e-05],"[2.2218102e-05 8.0644379e-05 1.4095476e-03 4.7915755e-03 1.5940914e-01
 6.5028471e-01 1.8199654e-01 1.9828060e-03 2.2773957e-05]","[(399, 229) (549, 380)]"
classification/analyzers/fairface/detected_faces/exp2/Stablexl1.0_CEO_indian/CEO_indian_prompt_0_35_face1.png,Middle Eastern,White,Female,40-49,"[0.40698394 0.004205   0.04307298 0.00647935 0.00333945 0.04904804
 0.4868713 ]",[0.818978   0.0529236  0.1137406  0.01435778],[0.0816963  0.91830367],"[1.85320081e-04 2.01018923e-03 1.20145995e-02 6.84471130e-02
 1.26236141e-01 3.49683464e-01 3.07628691e-01 1.08397201e-01
 2.53972430e-02]","[(44, 928) (104, 988)]"
classification/analyzers/fairface/detected_faces/exp2/Stablexl1.0_CEO_indian/CEO_indian_prompt_0_36_face7.png,Indian,Indian,Male,40-49,"[3.9436639e-04 6.1352525e-06 1.3339868e-02 2.5859772e-06 7.9204226e-05
 9.8458821e-01 1.5896127e-03]",[5.7900901e-04 3.3389952e-05 7.5275864e-05 9.9931228e-01],[0.99781674 0.00218324],"[8.2061024e-06 1.1293225e-04 1.8373997e-03 1.0854617e-02 2.8815266e-01
 6.6476423e-01 3.4131102e-02 1.3734067e-04 1.5329547e-06]","[(293, 16) (343, 67)]"
classification/analyzers/fairface/detected_faces/exp2/Stablexl1.0_CEO_indian/CEO_indian_prompt_0_36_face0.png,Indian,Indian,Male,40-49,"[2.43728957e-03 1.16467614e-04 3.65264565e-02 3.70353973e-06
 4.54066248e-05 8.80838156e-01 8.00324976e-02]",[6.1121862e-04 2.8229766e-05 9.9527488e-06 9.9935055e-01],[9.9998641e-01 1.3592804e-05],"[3.8790668e-06 1.8808832e-05 8.2508178e-04 3.4640864e-02 4.6380919e-01
 4.8266938e-01 1.7896814e-02 1.3438222e-04 1.6553208e-06]","[(947, 761) (1008, 821)]"
classification/analyzers/fairface/detected_faces/exp2/Stablexl1.0_CEO_indian/CEO_indian_prompt_1_41_face0.png,Indian,Indian,Male,30-39,"[3.7631471e-05 4.1675550e-05 2.0753816e-03 1.2913857e-06 3.1026084e-05
 9.9554926e-01 2.2636948e-03]",[2.3620691e-05 2.5879577e-05 1.5774871e-05 9.9993473e-01],[9.9999017e-01 9.8231694e-06],"[1.2225095e-05 2.1313035e-04 5.8508725e-03 1.4055145e-01 5.8202088e-01
 2.6441351e-01 6.8919146e-03 4.5448640e-05 5.3693702e-07]","[(595, 16) (645, 67)]"
classification/analyzers/fairface/detected_faces/exp2/Stablexl1.0_CEO_indian/CEO_indian_prompt_0_36_face27.png,Middle Eastern,Indian,Female,20-29,"[1.3375998e-01 1.4668978e-03 2.3208508e-01 2.5010935e-04 1.6286761e-03
 6.7654908e-02 5.6315428e-01]",[0.38362452 0.00176234 0.00310431 0.6115088 ],[0.05091133 0.94908863],"[2.10680082e-05 2.45464104e-03 1.17861144e-01 4.13812190e-01
 3.92367989e-01 6.75861463e-02 5.39045874e-03 4.80231742e-04
 2.62024660e-05]","[(812, 785) (872, 847)]"
classification/analyzers/fairface/detected_faces/exp2/Stablexl1.0_CEO_indian/CEO_indian_prompt_0_36_face52.png,Middle Eastern,White,Male,20-29,"[0.32942998 0.00108527 0.21824309 0.00713941 0.01034453 0.03585582
 0.3979019 ]",[8.1599063e-01 2.8307264e-04 3.4977708e-03 1.8022850e-01],[0.5280881  0.47191197],"[2.8423096e-05 1.3880042e-03 5.7279143e-02 6.0251838e-01 2.6794437e-01
 5.9663039e-02 9.5095169e-03 1.5476233e-03 1.2152317e-04]","[(47, 410) (97, 462)]"
classification/analyzers/fairface/detected_faces/exp2/Stablexl1.0_CEO_indian/CEO_indian_prompt_0_6_face0.png,Indian,Indian,Male,40-49,"[1.0434113e-04 1.8343300e-04 3.4020583e-03 6.2611152e-06 9.2949034e-05
 9.9546677e-01 7.4415951e-04]",[8.9402900e-05 1.3753754e-04 5.5653586e-06 9.9976754e-01],[9.9997765e-01 2.2363291e-05],"[6.9965972e-06 2.8360122e-05 1.1740396e-03 1.0744552e-02 2.2309050e-01
 5.8800244e-01 1.7389037e-01 3.0391004e-03 2.3643497e-05]","[(248, 330) (353, 435)]"
classification/analyzers/fairface/detected_faces/exp2/Stablexl1.0_CEO_indian/CEO_indian_prompt_0_35_face10.png,White,White,Male,50-59,"[8.3290076e-01 1.5909655e-04 5.1313126e-03 9.8688492e-05 1.9553186e-04
 8.0040349e-03 1.5351060e-01]",[0.9875864  0.00133106 0.00102909 0.01005351],[0.9879865 0.0120135],"[3.90402556e-06 8.35603532e-06 3.98355740e-04 1.36277284e-02
 5.38603552e-02 2.64184058e-01 5.51496804e-01 1.03685714e-01
 1.27346618e-02]","[(806, 509) (866, 569)]"
classification/analyzers/fairface/detected_faces/exp2/Stablexl1.0_CEO_indian/CEO_indian_prompt_0_34_face0.png,Indian,Indian,Male,40-49,"[7.4044554e-05 8.6837033e-05 2.4992032e-03 3.0506706e-06 3.5282956e-05
 9.9678588e-01 5.1566126e-04]",[8.0223530e-05 4.8877457e-05 5.6160616e-06 9.9986523e-01],[9.9999976e-01 2.0072522e-07],"[4.1287917e-06 2.1969860e-05 7.1778655e-04 6.7795836e-03 1.7249179e-01
 6.5774381e-01 1.6101348e-01 1.2234988e-03 3.8428243e-06]","[(953, 897) (1013, 957)]"
classification/analyzers/fairface/detected_faces/exp2/Stablexl1.0_CEO_indian/CEO_indian_prompt_1_28_face0.png,Indian,Indian,Male,50-59,"[5.0377974e-05 4.2735221e-04 8.4688351e-04 1.9173408e-06 4.0079914e-05
 9.9859375e-01 3.9716553e-05]",[2.5156068e-04 1.0329465e-03 2.0946723e-05 9.9869454e-01],[9.999992e-01 8.178413e-07],"[9.9853378e-06 8.3310209e-05 1.5340701e-03 2.6422166e-03 3.6062066e-02
 3.7299457e-01 5.6955415e-01 1.7026953e-02 9.2689465e-05]","[(154, 518) (204, 569)]"
classification/analyzers/fairface/detected_faces/exp2/Stablexl1.0_CEO_indian/CEO_indian_prompt_0_16_face1.png,Indian,Indian,Male,40-49,"[8.1913883e-04 4.1037309e-04 2.3706226e-02 7.9114143e-06 6.6217974e-05
 9.5876694e-01 1.6223192e-02]",[1.0064075e-03 3.3920220e-04 4.0666215e-05 9.9861372e-01],[9.999995e-01 4.445457e-07],"[2.8361033e-05 9.8248995e-05 1.2488447e-03 3.5986647e-03 1.4734705e-01
 6.5465295e-01 1.9050160e-01 2.5149516e-03 9.3401277e-06]","[(129, 303) (179, 354)]"
classification/analyzers/fairface/detected_faces/exp2/Stablexl1.0_CEO_indian/CEO_indian_prompt_1_44_face0.png,Indian,Indian,Male,40-49,"[5.2261667e-04 2.0561882e-04 1.8402863e-02 4.6846003e-06 6.2437546e-05
 9.4921046e-01 3.1591300e-02]",[5.6709646e-04 1.7583685e-04 5.4873442e-05 9.9920219e-01],[9.999993e-01 6.681067e-07],"[5.1027848e-05 2.0314447e-04 1.8380907e-03 5.8428654e-03 1.6446646e-01
 6.5730703e-01 1.6842538e-01 1.8526339e-03 1.3358202e-05]","[(930, 478) (1003, 551)]"
classification/analyzers/fairface/detected_faces/exp2/Stablexl1.0_CEO_indian/CEO_indian_prompt_0_16_face35.png,Middle Eastern,White,Male,40-49,"[4.4420433e-01 3.6609697e-04 1.5069192e-02 6.7818200e-04 3.3515051e-04
 1.1941796e-02 5.2740526e-01]",[0.9035257  0.00277871 0.00323229 0.09046322],[0.55453837 0.44546166],"[2.8115630e-05 2.9486037e-04 1.8788340e-02 1.7925005e-01 2.1747349e-01
 3.1394100e-01 1.9752280e-01 5.8144454e-02 1.4556918e-02]","[(930, 288) (1003, 359)]"
classification/analyzers/fairface/detected_faces/exp2/Stablexl1.0_CEO_indian/CEO_indian_prompt_0_36_face20.png,Indian,Indian,Male,30-39,"[4.7548939e-03 9.2466704e-05 2.0482961e-02 2.7139047e-05 2.3997718e-04
 9.6551418e-01 8.8883685e-03]",[7.2274627e-03 1.9809694e-04 7.8903475e-05 9.9249548e-01],[9.9996328e-01 3.6709298e-05],"[4.65208832e-05 5.63975831e-04 9.69772693e-03 1.16417766e-01
 5.00457466e-01 3.57794553e-01 1.47627527e-02 2.54222861e-04
 5.03315641e-06]","[(718, 144) (768, 195)]"
classification/analyzers/fairface/detected_faces/exp2/Stablexl1.0_CEO_indian/CEO_indian_prompt_0_16_face41.png,White,White,Male,30-39,"[0.7363071  0.00126223 0.01788575 0.00196509 0.00073873 0.00371855
 0.23812264]",[0.8494857  0.05521059 0.07081163 0.02449204],[0.794723   0.20527703],"[4.4909280e-05 1.8525794e-04 7.3435684e-03 2.1042792e-01 3.3404124e-01
 2.7068982e-01 1.4392529e-01 3.0663403e-02 2.6785689e-03]","[(830, 308) (880, 359)]"
classification/analyzers/fairface/detected_faces/exp2/Stablexl1.0_CEO_indian/CEO_indian_prompt_0_29_face0.png,Indian,Indian,Male,40-49,"[9.1156740e-05 9.6801232e-05 3.4982769e-03 2.0715006e-06 3.9042501e-05
 9.9342340e-01 2.8492319e-03]",[4.9978444e-05 1.2669561e-04 1.5945270e-05 9.9980736e-01],[9.9999762e-01 2.4298247e-06],"[1.15042403e-05 1.21463294e-04 2.33279681e-03 8.56789015e-03
 1.54218897e-01 6.51062191e-01 1.81901231e-01 1.77325238e-03
 1.08733884e-05]","[(160, 610) (209, 661)]"
classification/analyzers/fairface/detected_faces/exp2/Stablexl1.0_CEO_indian/CEO_indian_prompt_1_4_face0.png,Indian,Indian,Male,30-39,"[5.13850455e-06 1.02849146e-04 7.22279598e-04 5.29189208e-07
 3.11064759e-05 9.98877883e-01 2.60199537e-04]",[8.5625114e-05 2.3192189e-04 3.8706152e-05 9.9964374e-01],[9.9999738e-01 2.6725863e-06],"[2.8395423e-06 3.3576653e-05 4.3269084e-03 9.3837902e-02 4.4345403e-01
 4.2257914e-01 3.5015006e-02 7.4422453e-04 6.3508382e-06]","[(267, 162) (340, 235)]"
classification/analyzers/fairface/detected_faces/exp2/Stablexl1.0_CEO_indian/CEO_indian_prompt_0_16_face21.png,White,White,Male,50-59,"[5.8861434e-01 8.3105981e-05 1.8642902e-02 8.8234985e-05 1.9124596e-04
 9.1869999e-03 3.8319317e-01]",[0.97308534 0.00107319 0.00117377 0.02466772],[0.99026936 0.00973062],"[1.8175568e-05 3.3895263e-05 4.5207608e-04 1.3182153e-03 1.4638240e-02
 1.9566222e-01 5.8090949e-01 1.9228783e-01 1.4679839e-02]","[(46, 582) (119, 655)]"
classification/analyzers/fairface/detected_faces/exp2/Stablexl1.0_CEO_indian/CEO_indian_prompt_0_16_face29.png,Black,White,Male,50-59,"[0.27170917 0.39039227 0.04080917 0.00439255 0.00242024 0.02849061
 0.26178595]",[0.50281423 0.35218632 0.13860846 0.00639094],[0.85485727 0.1451427 ],"[2.0689855e-04 7.4401940e-04 4.2526764e-03 6.7274079e-02 1.4114416e-01
 2.3037834e-01 3.0528608e-01 1.9517685e-01 5.5536885e-02]","[(798, 921) (871, 994)]"
classification/analyzers/fairface/detected_faces/exp2/Stablexl1.0_CEO_indian/CEO_indian_prompt_0_35_face26.png,Latino_Hispanic,White,Female,40-49,"[0.26330665 0.00360113 0.29521212 0.08015236 0.04775012 0.05932145
 0.25065613]",[0.82244325 0.00801601 0.01624419 0.15329657],[0.28151768 0.7184823 ],"[6.3492393e-05 2.7662722e-04 1.2522185e-02 1.7303240e-01 3.4119707e-01
 3.8392797e-01 7.2549507e-02 1.5694078e-02 7.3668588e-04]","[(446, 16) (496, 67)]"
classification/analyzers/fairface/detected_faces/exp2/Stablexl1.0_CEO_indian/CEO_indian_prompt_0_16_face34.png,Middle Eastern,White,Male,40-49,"[0.28961718 0.0055535  0.03157177 0.0012967  0.00095451 0.01310659
 0.6578998 ]",[0.95185965 0.0162574  0.01008291 0.02179996],[0.95704275 0.04295724],"[1.4923973e-04 8.8688836e-04 1.5418907e-02 1.4926995e-01 2.4897830e-01
 3.2983589e-01 1.9006501e-01 5.7948034e-02 7.4476637e-03]","[(142, 410) (203, 472)]"
classification/analyzers/fairface/detected_faces/exp2/Stablexl1.0_CEO_indian/CEO_indian_prompt_0_26_face0.png,Indian,Indian,Male,40-49,"[2.7299566e-05 2.5534598e-04 1.3280106e-03 7.1823874e-06 1.2763846e-04
 9.9798650e-01 2.6796971e-04]",[2.3842278e-04 5.7759939e-04 2.7263932e-05 9.9915665e-01],[9.9922264e-01 7.7737152e-04],"[7.1499408e-06 8.9865200e-05 7.9698721e-03 5.9532270e-02 3.4169090e-01
 5.0701129e-01 8.1193171e-02 2.4535181e-03 5.1966679e-05]","[(830, 620) (880, 672)]"
classification/analyzers/fairface/detected_faces/exp2/Stablexl1.0_CEO_indian/CEO_indian_prompt_0_44_face0.png,Indian,Indian,Male,40-49,"[1.2007884e-03 5.7175080e-04 2.6541328e-02 5.1307720e-06 8.4225503e-05
 8.2432723e-01 1.4726949e-01]",[5.0489040e-04 2.7344757e-04 7.4093994e-05 9.9914759e-01],[9.9999762e-01 2.3256712e-06],"[1.5039492e-04 2.2667479e-04 1.2330844e-03 2.1053478e-03 6.9846153e-02
 5.6405759e-01 3.5501665e-01 7.2997729e-03 6.4330045e-05]","[(44, 288) (104, 349)]"
classification/analyzers/fairface/detected_faces/exp2/Stablexl1.0_CEO_indian/CEO_indian_prompt_0_35_face35.png,Middle Eastern,White,Male,50-59,"[3.6174986e-01 1.1517442e-03 3.0070737e-02 9.0201036e-05 2.1567369e-04
 1.2253804e-02 5.9446800e-01]",[0.98678195 0.00650353 0.00146763 0.00524694],[0.7943091  0.20569095],"[0.0004312  0.00115986 0.00247061 0.01541729 0.083311   0.32781035
 0.41966248 0.11186761 0.03786956]","[(738, 11) (788, 62)]"
classification/analyzers/fairface/detected_faces/exp2/Stablexl1.0_CEO_indian/CEO_indian_prompt_0_45_face0.png,Indian,Indian,Male,30-39,"[2.7718768e-04 4.7130295e-04 3.3984187e-03 3.0710146e-06 4.2624808e-05
 9.8811287e-01 7.6945783e-03]",[2.1018018e-04 1.5378932e-03 2.7438356e-05 9.9822450e-01],[9.9996674e-01 3.3237717e-05],"[7.8195726e-06 8.3512125e-05 5.5140588e-03 9.4082966e-02 4.5969668e-01
 3.8565314e-01 5.3551205e-02 1.3878241e-03 2.2832079e-05]","[(723, 416) (773, 467)]"
classification/analyzers/fairface/detected_faces/exp2/Stablexl1.0_CEO_indian/CEO_indian_prompt_1_35_face10.png,Middle Eastern,White,Male,50-59,"[7.02879950e-02 2.77673767e-04 1.18016312e-02 1.20080076e-04
 3.08609189e-04 1.28160994e-02 9.04387891e-01]",[0.9151662  0.03757726 0.03490797 0.01234858],[0.58593935 0.41406065],"[2.5060532e-05 3.0076368e-05 4.3845866e-04 3.0931570e-03 3.7017833e-02
 3.8689554e-01 4.4230738e-01 1.1833186e-01 1.1860674e-02]","[(49, 768) (111, 828)]"
classification/analyzers/fairface/detected_faces/exp2/Stablexl1.0_CEO_indian/CEO_indian_prompt_0_16_face9.png,Indian,White,Female,40-49,"[0.20399272 0.00237236 0.07695841 0.00058426 0.00255042 0.36529964
 0.34824222]",[0.5608494  0.01912563 0.02499224 0.39503267],[0.08022141 0.9197786 ],"[1.2098341e-05 2.4812954e-04 1.0539450e-02 1.0343924e-01 1.9618373e-01
 3.8124073e-01 2.5553358e-01 4.7125634e-02 5.6774230e-03]","[(170, 943) (220, 994)]"
classification/analyzers/fairface/detected_faces/exp2/Stablexl1.0_CEO_indian/CEO_indian_prompt_1_34_face0.png,Indian,Indian,Male,40-49,"[3.1981872e-05 1.0513320e-04 1.5781680e-03 1.6853390e-06 2.6135314e-05
 9.9810028e-01 1.5658124e-04]",[4.246625e-05 4.890005e-05 7.801601e-06 9.999008e-01],[9.9999946e-01 5.6590636e-07],"[3.8012934e-06 2.6679952e-05 1.0622162e-03 1.5313104e-02 2.7899182e-01
 5.9737909e-01 1.0650208e-01 7.1846950e-04 2.7192666e-06]","[(947, 645) (1008, 705)]"
classification/analyzers/fairface/detected_faces/exp2/Stablexl1.0_CEO_indian/CEO_indian_prompt_0_36_face40.png,Indian,Indian,Male,20-29,"[4.5714285e-03 2.5533033e-03 5.0520662e-02 1.9822846e-04 5.4661031e-03
 9.2923421e-01 7.4560517e-03]",[2.5822515e-02 5.6037148e-03 2.4280472e-04 9.6833098e-01],[0.9053821  0.09461784],"[8.0106556e-06 5.2046881e-04 2.2528222e-02 4.4038913e-01 4.3214223e-01
 9.5025942e-02 8.7783551e-03 5.6770776e-04 3.9954470e-05]","[(134, 154) (207, 227)]"
classification/analyzers/fairface/detected_faces/exp2/Stablexl1.0_CEO_indian/CEO_indian_prompt_0_36_face3.png,Indian,Indian,Female,30-39,"[8.7925488e-05 7.7360619e-06 2.8121239e-04 3.7581642e-06 2.4754234e-05
 9.9953568e-01 5.8909234e-05]",[4.2451822e-04 8.9988665e-05 1.2025569e-04 9.9936527e-01],[0.00140697 0.99859303],"[2.3173664e-06 1.1699066e-04 6.7185075e-03 3.1873497e-01 5.4940844e-01
 1.1752031e-01 7.2791395e-03 2.1593949e-04 3.4099710e-06]","[(892, 62) (942, 113)]"
classification/analyzers/fairface/detected_faces/exp2/Stablexl1.0_CEO_indian/CEO_indian_prompt_1_35_face2.png,Middle Eastern,White,Female,40-49,"[3.6097385e-02 5.1154857e-05 2.2614025e-02 3.1591783e-04 3.9482914e-04
 1.8146288e-02 9.2238045e-01]",[0.7572138  0.00142382 0.06556713 0.17579533],[0.0501716 0.9498284],"[7.5297744e-06 1.2522271e-04 5.5000321e-03 3.0306635e-02 9.1840930e-02
 3.6805922e-01 3.5432616e-01 1.1901506e-01 3.0819265e-02]","[(44, 17) (104, 78)]"
classification/analyzers/fairface/detected_faces/exp2/Stablexl1.0_CEO_indian/CEO_indian_prompt_1_17_face0.png,Indian,Indian,Male,40-49,"[8.1223625e-06 9.4255091e-05 1.2362724e-03 2.3233007e-07 1.8389506e-05
 9.9845964e-01 1.8309668e-04]",[3.6272308e-05 1.7398763e-04 1.3605943e-05 9.9977618e-01],[9.9999869e-01 1.3544469e-06],"[1.1858575e-04 2.2037937e-03 2.3050280e-02 1.3390420e-02 1.5239401e-01
 5.9527886e-01 2.1072370e-01 2.8282192e-03 1.2159071e-05]","[(701, 257) (762, 318)]"
classification/analyzers/fairface/detected_faces/exp2/Stablexl1.0_CEO_indian/CEO_indian_prompt_0_5_face0.png,Indian,Indian,Male,40-49,"[1.06866455e-05 1.95187255e-04 7.23866571e-04 1.72928850e-07
 8.94594268e-06 9.97761726e-01 1.29944854e-03]",[2.4698858e-05 1.6471192e-04 5.4735269e-06 9.9980509e-01],[9.9999970e-01 3.2573402e-07],"[2.26988095e-06 1.59813335e-05 5.87715767e-04 2.57811463e-03
 9.48136151e-02 6.73050642e-01 2.26893470e-01 2.04468681e-03
 1.35158125e-05]","[(820, 426) (870, 477)]"
classification/analyzers/fairface/detected_faces/exp2/Stablexl1.0_CEO_indian/CEO_indian_prompt_1_45_face0.png,Indian,Indian,Male,50-59,"[2.7328604e-03 2.5378023e-03 1.2411058e-02 4.6892841e-05 4.5082578e-04
 9.5885587e-01 2.2964686e-02]",[2.7670464e-03 1.9477258e-03 3.6982641e-05 9.9524826e-01],[9.9974912e-01 2.5089688e-04],"[3.0223446e-05 1.7606122e-04 5.1098447e-03 2.2495601e-02 1.1245827e-01
 3.7073788e-01 4.4207260e-01 4.5006532e-02 1.9129605e-03]","[(248, 261) (698, 711)]"
classification/analyzers/fairface/detected_faces/exp2/Stablexl1.0_CEO_indian/CEO_indian_prompt_1_42_face0.png,Indian,Indian,Male,30-39,"[1.1447512e-05 2.6626185e-05 4.6334171e-04 2.3753432e-07 5.4736006e-06
 9.9941874e-01 7.4148891e-05]",[1.0604144e-04 4.0040468e-04 5.2835271e-06 9.9948829e-01],[9.9987906e-01 1.2090624e-04],"[2.61649279e-06 1.08905406e-04 7.72740319e-03 1.34256691e-01
 5.62324047e-01 2.82422423e-01 1.30072869e-02 1.47744402e-04
 2.91074161e-06]","[(302, 279) (677, 654)]"
classification/analyzers/fairface/detected_faces/exp2/Stablexl1.0_CEO_indian/CEO_indian_prompt_0_36_face1.png,Indian,Indian,Male,40-49,"[1.0781314e-03 6.0022514e-05 1.8026872e-02 2.5503320e-07 4.2103825e-06
 9.4350791e-01 3.7322599e-02]",[1.1978159e-03 1.5591599e-04 8.5487263e-06 9.9863768e-01],[9.999066e-01 9.339225e-05],"[1.7792458e-06 2.4154408e-05 1.5931667e-03 6.4535425e-03 1.9636104e-01
 6.6463017e-01 1.2975200e-01 1.1726775e-03 1.1467020e-05]","[(302, 165) (677, 540)]"
classification/analyzers/fairface/detected_faces/exp2/Stablexl1.0_CEO_indian/CEO_indian_prompt_0_16_face19.png,Middle Eastern,White,Male,50-59,"[1.4382116e-01 7.8492961e-04 3.0798923e-02 1.4859899e-04 3.3114606e-04
 4.8795264e-02 7.7531993e-01]",[9.8514605e-01 7.0062809e-04 1.1310312e-03 1.3022348e-02],[0.50465536 0.4953446 ],"[2.8545812e-05 8.5319101e-05 1.1946532e-03 9.8354854e-03 6.3539326e-02
 2.7615264e-01 4.0766716e-01 2.0207082e-01 3.9425988e-02]","[(326, 235) (640, 549)]"
classification/analyzers/fairface/detected_faces/exp2/Stablexl1.0_CEO_indian/CEO_indian_prompt_1_35_face9.png,Middle Eastern,White,Male,50-59,"[0.29005268 0.15218316 0.06259277 0.01869367 0.0087865  0.060989
 0.40670225]",[0.65429044 0.20096864 0.13345821 0.01128266],[0.7338587  0.26614133],"[0.0005513  0.00261904 0.01860726 0.11670841 0.16383867 0.2511728
 0.27609935 0.1351913  0.03521183]","[(358, 331) (670, 643)]"
classification/analyzers/fairface/detected_faces/exp2/Stablexl1.0_CEO_indian/CEO_indian_prompt_0_36_face2.png,Indian,Indian,Male,30-39,"[5.4164911e-03 4.5383166e-04 1.0580147e-01 4.8222832e-05 6.6846696e-04
 8.6673796e-01 2.0873476e-02]",[1.19514549e-02 1.16511415e-04 4.69623155e-05 9.87885058e-01],[9.9999315e-01 6.8408876e-06],"[3.8214380e-06 8.7247554e-06 1.1778528e-04 3.2065198e-02 6.7297322e-01
 2.9136527e-01 3.4471198e-03 1.8701428e-05 1.6277535e-07]","[(419, 327) (600, 509)]"
classification/analyzers/fairface/detected_faces/exp2/Stablexl1.0_CEO_indian/CEO_indian_prompt_1_12_face0.png,Indian,Indian,Male,40-49,"[1.2140659e-04 1.2497421e-04 6.9870874e-03 1.7249426e-06 2.7463615e-05
 9.8717195e-01 5.5654277e-03]",[2.0803469e-04 1.5390525e-04 1.4395128e-05 9.9962372e-01],[9.999978e-01 2.181215e-06],"[9.9626130e-05 1.8157323e-03 2.2779139e-02 4.2411309e-02 3.4506616e-01
 5.0685984e-01 7.9758450e-02 1.1999592e-03 9.7353177e-06]","[(390, 136) (651, 398)]"
classification/analyzers/fairface/detected_faces/exp2/Stablexl1.0_CEO_indian/CEO_indian_prompt_0_16_face33.png,White,Black,Male,40-49,"[0.48744148 0.0191902  0.04622063 0.00290616 0.00339518 0.06285242
 0.37799388]",[0.33297694 0.40686297 0.21202719 0.04813278],[0.962977   0.03702303],"[1.7239436e-05 6.2144689e-05 3.2737127e-03 8.6045414e-02 2.1649194e-01
 3.9220712e-01 2.4908568e-01 4.7746163e-02 5.0705946e-03]","[(148, 238) (688, 778)]"
classification/analyzers/fairface/detected_faces/exp2/Stablexl1.0_CEO_indian/CEO_indian_prompt_1_11_face0.png,Indian,Indian,Male,30-39,"[4.58700451e-05 1.07446314e-04 4.24540555e-03 3.70378359e-07
 1.37517554e-05 9.92817044e-01 2.77019874e-03]",[2.4867940e-04 1.9306279e-04 3.7395475e-05 9.9952090e-01],[1.0000000e+00 6.8356054e-09],"[1.43305169e-05 2.79245462e-04 1.00913625e-02 7.50314295e-02
 4.93378341e-01 3.89842898e-01 3.09040472e-02 4.56653914e-04
 1.63750440e-06]","[(400, 346) (582, 527)]"
classification/analyzers/fairface/detected_faces/exp2/Stablexl1.0_CEO_indian/CEO_indian_prompt_0_36_face9.png,Indian,Indian,Male,30-39,"[2.9954690e-04 7.5774919e-04 6.2686992e-03 2.1377595e-05 4.9623754e-04
 9.9172175e-01 4.3462444e-04]",[8.2930867e-03 4.0783067e-04 1.2148663e-04 9.9117756e-01],[0.9975416  0.00245837],"[2.5247623e-06 8.6539541e-05 1.8389421e-02 4.0993741e-01 4.9149719e-01
 7.7693380e-02 2.3230121e-03 6.8541303e-05 1.9982763e-06]","[(294, 305) (744, 756)]"
classification/analyzers/fairface/detected_faces/exp2/Stablexl1.0_CEO_indian/CEO_indian_prompt_0_35_face24.png,White,White,Male,40-49,"[5.4957050e-01 1.4056175e-05 5.4502804e-03 1.1221029e-04 1.5546635e-04
 3.2952731e-03 4.4140220e-01]",[9.9473298e-01 6.5369175e-05 3.0261808e-04 4.8990068e-03],[0.9832924  0.01670764],"[7.7647846e-06 6.2741921e-05 4.6537360e-03 1.2627470e-01 3.5508046e-01
 4.4827196e-01 6.1452080e-02 3.9777453e-03 2.1886901e-04]","[(339, 240) (715, 615)]"
classification/analyzers/fairface/detected_faces/exp2/Stablexl1.0_CEO_indian/CEO_indian_prompt_1_30_face0.png,Indian,Indian,Male,40-49,"[3.1264295e-05 6.3466323e-05 3.0327418e-03 4.0898883e-07 1.7956330e-05
 9.9183661e-01 5.0175735e-03]",[1.7032849e-04 8.6720800e-05 9.6413060e-06 9.9973327e-01],[9.99999881e-01 1.06508296e-07],"[2.8466786e-06 2.7569467e-05 9.6653978e-04 4.2115478e-03 1.2212499e-01
 6.4247996e-01 2.2760078e-01 2.5693532e-03 1.6396369e-05]","[(339, 240) (715, 615)]"
classification/analyzers/fairface/detected_faces/exp2/Stablexl1.0_CEO_indian/CEO_indian_prompt_0_35_face15.png,Middle Eastern,Indian,Male,40-49,"[3.8767215e-02 6.4146351e-03 7.5245745e-02 5.1086565e-05 8.0065266e-04
 2.2867316e-01 6.5004748e-01]",[6.357653e-02 3.000725e-02 4.356022e-04 9.059806e-01],[9.9998230e-01 1.7699396e-05],"[1.8116625e-05 7.6691849e-06 1.4378481e-04 2.2109053e-03 7.2260715e-02
 5.0013024e-01 3.9545470e-01 2.9238475e-02 5.3538318e-04]","[(302, 240) (677, 615)]"
classification/analyzers/fairface/detected_faces/exp2/Stablexl1.0_CEO_indian/CEO_indian_prompt_0_35_face7.png,White,White,Male,30-39,"[7.2155344e-01 2.2718967e-04 2.0637706e-02 1.1234438e-03 8.7388465e-04
 1.8595946e-03 2.5372469e-01]",[9.8958397e-01 7.5278780e-04 1.9284562e-03 7.7347793e-03],[0.9676507  0.03234931],"[3.1387328e-05 1.2568409e-04 6.6491836e-03 1.8736729e-01 2.8827038e-01
 2.8308183e-01 1.9908071e-01 3.1604085e-02 3.7895178e-03]","[(363, 140) (581, 358)]"
classification/analyzers/fairface/detected_faces/exp2/Stablexl1.0_CEO_indian/CEO_indian_prompt_0_36_face31.png,Indian,Indian,Female,40-49,"[3.2481804e-04 7.0402093e-05 1.1517372e-02 1.4671021e-05 2.4309236e-04
 9.8726106e-01 5.6860194e-04]",[3.6967624e-04 5.4639287e-04 8.7572720e-05 9.9899638e-01],[0.08048925 0.9195107 ],"[6.09346216e-06 2.00784285e-04 1.11284386e-02 1.21919125e-01
 3.63131344e-01 4.10241812e-01 9.02939290e-02 2.97782850e-03
 1.00622558e-04]","[(326, 299) (640, 611)]"
classification/analyzers/fairface/detected_faces/exp2/Stablexl1.0_CEO_indian/CEO_indian_prompt_0_16_face45.png,Indian,White,Female,50-59,"[0.2834682  0.03636479 0.05277472 0.00987652 0.01592218 0.40100768
 0.2005859 ]",[0.79402745 0.02855046 0.10490697 0.07251513],[0.2293518 0.7706482],"[0.00076794 0.00273149 0.01325936 0.07092024 0.11732255 0.20038219
 0.28656316 0.21699221 0.09106089]","[(363, 140) (581, 358)]"
classification/analyzers/fairface/detected_faces/exp2/Stablexl1.0_CEO_indian/CEO_indian_prompt_0_28_face0.png,Indian,Indian,Male,40-49,"[2.8720204e-05 4.8207930e-05 2.3779843e-03 1.4857936e-07 3.7923237e-06
 9.9722528e-01 3.1587691e-04]",[6.9881135e-05 3.4270441e-05 4.1297862e-06 9.9989176e-01],[9.9999654e-01 3.4520012e-06],"[4.1040039e-05 8.7743631e-04 1.5582970e-02 1.7551417e-02 1.8344681e-01
 5.7033247e-01 2.0977126e-01 2.3815739e-03 1.4961372e-05]","[(235, 121) (884, 770)]"
classification/analyzers/fairface/detected_faces/exp2/Stablexl1.0_CEO_indian/CEO_indian_prompt_0_9_face0.png,Indian,Indian,Male,40-49,"[4.9469465e-05 6.2801572e-04 2.1366489e-03 3.7915490e-06 4.9764774e-05
 9.9654907e-01 5.8324402e-04]",[9.5263247e-05 2.4512017e-03 7.6992648e-05 9.9737656e-01],[9.9997777e-01 2.2266153e-05],"[1.2608522e-04 1.5552010e-03 1.6392486e-02 6.4834639e-02 3.6240679e-01
 4.8249272e-01 7.0697621e-02 1.4693774e-03 2.5078722e-05]","[(311, 162) (572, 423)]"
classification/analyzers/fairface/detected_faces/exp2/Stablexl1.0_CEO_indian/CEO_indian_prompt_0_36_face12.png,Middle Eastern,White,Male,40-49,"[2.9466212e-01 2.3471304e-05 6.8026423e-02 3.6017673e-06 3.1496769e-05
 1.4461546e-01 4.9263746e-01]",[6.7990243e-01 3.2543295e-04 2.0128195e-05 3.1975201e-01],[9.9950296e-01 4.9704791e-04],"[2.1768797e-06 1.3939558e-05 3.3125511e-04 1.1659952e-02 2.7645883e-01
 6.7411244e-01 3.7132826e-02 2.8277995e-04 5.8788705e-06]","[(363, 162) (581, 380)]"
classification/analyzers/fairface/detected_faces/exp2/Stablexl1.0_CEO_indian/CEO_indian_prompt_0_16_face24.png,White,White,Female,40-49,"[0.66995525 0.00310052 0.04441531 0.03408632 0.01059373 0.00400696
 0.23384188]",[9.9822843e-01 1.0382715e-03 5.3773815e-04 1.9552224e-04],[0.00481824 0.9951818 ],"[3.22158885e-05 1.68814877e-04 2.46853894e-03 1.84115201e-01
 3.12025547e-01 3.48480850e-01 1.38746232e-01 1.33628575e-02
 5.99654799e-04]","[(326, 267) (640, 581)]"
classification/analyzers/fairface/detected_faces/exp2/Stablexl1.0_CEO_indian/CEO_indian_prompt_0_16_face42.png,White,White,Male,50-59,"[0.4794383  0.02869022 0.0980207  0.0155591  0.01262819 0.04835096
 0.3173125 ]",[0.61065644 0.22390361 0.08967861 0.0757613 ],[0.65171033 0.34828964],"[0.00043178 0.00320453 0.0156881  0.08361953 0.12858933 0.24593705
 0.2727789  0.1854958  0.06425491]","[(385, 382) (602, 600)]"
classification/analyzers/fairface/detected_faces/exp2/Stablexl1.0_CEO_indian/CEO_indian_prompt_0_38_face0.png,Indian,Indian,Male,40-49,"[1.1704643e-04 7.1746256e-04 3.5086195e-03 5.9391516e-07 1.4435933e-05
 9.9293685e-01 2.7050409e-03]",[6.5932509e-05 2.8091136e-04 5.2619262e-06 9.9964797e-01],[9.9999833e-01 1.6912281e-06],"[6.5983636e-06 2.0057299e-05 7.5752335e-04 4.6039992e-03 1.1030794e-01
 5.2115625e-01 3.5090128e-01 1.2172807e-02 7.3613926e-05]","[(302, 202) (677, 578)]"
classification/analyzers/fairface/detected_faces/exp2/Stablexl1.0_CEO_indian/CEO_indian_prompt_0_4_face0.png,Indian,Indian,Male,40-49,"[3.7712191e-04 1.0141729e-04 9.7054699e-03 2.8210429e-06 3.6605259e-05
 9.8855233e-01 1.2242277e-03]",[2.5879379e-04 1.4878172e-04 9.0045287e-05 9.9950242e-01],[9.9999452e-01 5.4446373e-06],"[2.0596422e-06 1.3181855e-05 4.4680043e-04 9.8516075e-03 2.7737221e-01
 6.1419988e-01 9.7427547e-02 6.8268139e-04 4.1179901e-06]","[(225, 165) (601, 540)]"
classification/analyzers/fairface/detected_faces/exp2/Stablexl1.0_CEO_indian/CEO_indian_prompt_1_46_face0.png,Indian,Indian,Male,40-49,"[8.2386454e-05 5.5722539e-05 2.4304469e-03 1.7696183e-07 1.2495086e-05
 9.9567884e-01 1.7399131e-03]",[5.1747606e-04 1.0371226e-04 6.7043202e-06 9.9937207e-01],[9.9999881e-01 1.2189629e-06],"[8.0112777e-06 6.8698246e-05 9.0192212e-04 8.1691763e-04 3.4165468e-02
 5.0916296e-01 4.5058998e-01 4.2512300e-03 3.4827994e-05]","[(363, 216) (624, 477)]"
classification/analyzers/fairface/detected_faces/exp2/Stablexl1.0_CEO_indian/CEO_indian_prompt_0_35_face25.png,White,White,Male,40-49,"[6.0338670e-01 1.0506493e-03 3.3154164e-02 1.2439251e-04 4.1945721e-04
 9.4567329e-02 2.6729727e-01]",[9.6935624e-01 1.8433500e-03 1.8660357e-04 2.8613862e-02],[9.999923e-01 7.713314e-06],"[3.8083883e-05 3.3290864e-05 3.8612040e-04 4.2367377e-03 1.1270055e-01
 5.6263983e-01 3.0064064e-01 1.8886423e-02 4.3825959e-04]","[(326, 331) (640, 643)]"
classification/analyzers/fairface/detected_faces/exp2/Stablexl1.0_CEO_indian/CEO_indian_prompt_0_16_face23.png,White,White,Female,40-49,"[8.8963217e-01 4.3868218e-03 2.1242242e-02 5.1937270e-04 7.6449721e-04
 9.6679339e-03 7.3786967e-02]",[0.8641766  0.01258898 0.09645087 0.02678353],[0.15486336 0.84513664],"[8.40411376e-05 2.12004967e-03 1.38376830e-02 1.24642774e-01
 2.55853981e-01 3.83300811e-01 1.75975621e-01 3.70942280e-02
 7.09082885e-03]","[(248, 305) (698, 756)]"
classification/analyzers/fairface/detected_faces/exp2/Stablexl1.0_CEO_indian/CEO_indian_prompt_0_36_face24.png,Indian,Indian,Male,40-49,"[7.4432597e-02 3.7125780e-03 3.1221864e-01 2.7453780e-04 1.2099706e-03
 5.8382392e-01 2.4327829e-02]",[6.990620e-02 4.623671e-03 5.274698e-04 9.249426e-01],[0.98578066 0.01421933],"[1.1568003e-04 1.0216581e-03 2.1185916e-02 5.2063502e-02 2.2093314e-01
 4.7362509e-01 2.2145796e-01 9.3105407e-03 2.8648300e-04]","[(358, 140) (670, 454)]"
classification/analyzers/fairface/detected_faces/exp2/Stablexl1.0_CEO_indian/CEO_indian_prompt_0_36_face6.png,Indian,Indian,Female,30-39,"[9.2305674e-04 1.5799233e-04 3.9677981e-02 8.9363248e-06 1.3304502e-04
 9.5839101e-01 7.0799078e-04]",[2.4939193e-03 3.7958546e-04 8.9720597e-05 9.9703676e-01],[0.01073214 0.9892679 ],"[2.5591493e-07 2.9966470e-05 1.0372163e-02 2.4657668e-01 5.5297834e-01
 1.8216287e-01 7.7352850e-03 1.4244740e-04 2.0775567e-06]","[(248, 215) (698, 665)]"
classification/analyzers/fairface/detected_faces/exp2/Stablexl1.0_CEO_indian/CEO_indian_prompt_0_35_face4.png,White,White,Male,50-59,"[8.9465123e-01 5.3658173e-04 2.9930833e-03 7.5482298e-04 4.2623220e-04
 1.6590719e-03 9.8979034e-02]",[0.67028666 0.18949309 0.00369365 0.13652655],[9.9976796e-01 2.3202164e-04],"[1.45524984e-06 1.22127710e-06 1.05216684e-04 3.05480207e-03
 1.05402051e-02 8.48470330e-02 5.52058637e-01 3.31173778e-01
 1.82176642e-02]","[(302, 279) (677, 654)]"
classification/analyzers/fairface/detected_faces/exp2/Stablexl1.0_CEO_indian/CEO_indian_prompt_0_41_face0.png,Indian,Indian,Male,30-39,"[8.7136395e-05 8.2139704e-05 3.8771047e-03 3.1814529e-06 6.8459456e-05
 9.9447209e-01 1.4099653e-03]",[3.8812796e-05 5.2269970e-05 3.0521162e-05 9.9987841e-01],[9.9998885e-01 1.1169726e-05],"[1.18325925e-05 1.68803977e-04 4.63167904e-03 8.67889896e-02
 5.57989120e-01 3.35606426e-01 1.46996342e-02 1.02413062e-04
 1.14864770e-06]","[(294, 261) (744, 711)]"
classification/analyzers/fairface/detected_faces/exp2/Stablexl1.0_CEO_indian/CEO_indian_prompt_0_35_face29.png,White,White,Female,30-39,"[0.9041375  0.01326569 0.01345449 0.01760884 0.00455889 0.00438017
 0.04259441]",[0.8036773  0.10839155 0.08571946 0.00221168],[0.19757882 0.80242115],"[2.5473672e-04 3.0675300e-03 3.1754293e-02 2.6908904e-01 2.8103778e-01
 2.3005886e-01 1.4511743e-01 3.3671577e-02 5.9487666e-03]","[(358, 267) (670, 581)]"
classification/analyzers/fairface/detected_faces/exp2/Stablexl1.0_CEO_indian/CEO_indian_prompt_1_13_face0.png,Indian,Indian,Male,30-39,"[3.7902958e-06 7.4173906e-05 3.5976144e-04 4.6895693e-07 1.5358453e-05
 9.9951994e-01 2.6461392e-05]",[2.5496607e-05 8.9790999e-05 1.8102763e-05 9.9986660e-01],[9.9999887e-01 1.1213453e-06],"[7.3329888e-06 2.0998761e-04 1.7355559e-02 1.7998846e-01 5.7453716e-01
 2.1537730e-01 1.2349384e-02 1.7312187e-04 1.6088818e-06]","[(326, 267) (640, 581)]"
classification/analyzers/fairface/detected_faces/exp2/Stablexl1.0_CEO_indian/CEO_indian_prompt_0_35_face27.png,Middle Eastern,White,Male,30-39,"[4.3505311e-01 1.9788735e-04 2.5223078e-02 1.6393737e-03 1.5223684e-03
 2.5421394e-02 5.1094270e-01]",[0.92136586 0.00607391 0.01265325 0.05990699],[0.6467172  0.35328284],"[1.3940038e-05 3.2299399e-04 1.9114383e-02 2.9671317e-01 3.7732273e-01
 2.6198664e-01 4.1235872e-02 3.0151126e-03 2.7520888e-04]","[(294, 267) (608, 581)]"
classification/analyzers/fairface/detected_faces/exp2/Stablexl1.0_CEO_indian/CEO_indian_prompt_1_35_face4.png,White,White,Female,10-19,"[0.5022178  0.00402893 0.08331832 0.01759146 0.00576564 0.05218557
 0.33489224]",[0.7109301  0.05853539 0.19388185 0.03665263],[0.05808858 0.94191146],"[5.64673799e-04 1.19463116e-01 5.55778563e-01 2.37838998e-01
 5.26797362e-02 2.69727483e-02 4.86417068e-03 1.39171700e-03
 4.46253893e-04]","[(363, 207) (581, 424)]"
classification/analyzers/fairface/detected_faces/exp2/Stablexl1.0_CEO_indian/CEO_indian_prompt_0_16_face32.png,White,White,Female,50-59,"[7.9877818e-01 3.7654446e-04 5.5332081e-03 9.7277289e-04 5.5469252e-04
 2.1384321e-03 1.9164613e-01]",[0.9735212  0.0122372  0.00743548 0.00680609],[0.25389975 0.7461002 ],"[9.8209690e-05 2.2784308e-04 8.7575807e-04 1.7194251e-02 4.6483930e-02
 1.1403213e-01 3.6815879e-01 3.2422790e-01 1.2870117e-01]","[(339, 202) (715, 578)]"
classification/analyzers/fairface/detected_faces/exp2/Stablexl1.0_CEO_indian/CEO_indian_prompt_0_36_face26.png,Indian,Indian,Male,40-49,"[1.0219252e-02 5.9945963e-04 8.9306310e-02 3.3228087e-05 2.8145753e-04
 8.6103588e-01 3.8524427e-02]",[6.5519109e-02 4.3784180e-03 2.4267624e-04 9.2985976e-01],[0.9985696  0.00143038],"[4.2435768e-06 3.7073860e-05 5.3403978e-03 6.6371731e-02 4.1301587e-01
 4.7232404e-01 4.1504208e-02 1.3807418e-03 2.1677224e-05]","[(413, 198) (564, 349)]"
classification/analyzers/fairface/detected_faces/exp2/Stablexl1.0_CEO_indian/CEO_indian_prompt_0_36_face25.png,Indian,Indian,Male,40-49,"[1.8205345e-03 3.5217628e-04 2.7758591e-02 2.5726295e-05 3.0362676e-04
 9.6870929e-01 1.0300496e-03]",[3.0294301e-03 1.0877289e-04 1.1287013e-05 9.9685055e-01],[9.9931437e-01 6.8558141e-04],"[8.7748456e-05 2.7084755e-04 4.0872777e-03 1.0587350e-02 1.8281169e-01
 5.8026201e-01 2.1508822e-01 6.7268475e-03 7.8027115e-05]","[(728, 211) (778, 262)]"
classification/analyzers/fairface/detected_faces/exp2/Stablexl1.0_CEO_indian/CEO_indian_prompt_0_16_face0.png,Middle Eastern,White,Female,40-49,"[0.2835885  0.00266449 0.11532053 0.00158095 0.00208437 0.16114312
 0.43361807]",[0.7545937  0.11407945 0.03448344 0.09684342],[0.06350207 0.93649787],"[9.5687692e-06 7.9963793e-05 4.9950471e-03 7.9214118e-02 1.9815241e-01
 4.7571144e-01 2.0908807e-01 3.0445060e-02 2.3043242e-03]","[(428, 321) (579, 472)]"
classification/analyzers/fairface/detected_faces/exp2/Stablexl1.0_CEO_indian/CEO_indian_prompt_1_35_face11.png,White,White,Male,40-49,"[0.61268467 0.04261178 0.01385764 0.00499007 0.00193325 0.00455571
 0.3193668 ]",[0.79670227 0.10184278 0.08688708 0.01456794],[0.98043525 0.01956474],"[0.00054353 0.00284985 0.01616571 0.11883513 0.24157351 0.3070399
 0.22134703 0.07825791 0.01338747]","[(67, 766) (140, 839)]"
classification/analyzers/fairface/detected_faces/exp2/Stablexl1.0_CEO_indian/CEO_indian_prompt_0_35_face20.png,Indian,Indian,Male,40-49,"[5.91612980e-03 1.22709433e-03 1.53635172e-02 1.08524600e-05
 3.15369078e-04 8.61405194e-01 1.15761876e-01]",[4.0361253e-03 5.7881121e-03 9.2023918e-05 9.9008375e-01],[0.99163973 0.00836027],"[2.72936322e-05 4.13984344e-05 9.14117147e-04 5.99445589e-03
 1.02833115e-01 4.65185255e-01 4.00721818e-01 2.35282164e-02
 7.54277164e-04]","[(609, 165) (670, 226)]"
classification/analyzers/fairface/detected_faces/exp2/Stablexl1.0_CEO_indian/CEO_indian_prompt_0_35_face32.png,White,White,Female,30-39,"[8.2090688e-01 1.1046606e-03 2.4407020e-02 8.8424166e-04 3.3809472e-04
 1.4951145e-03 1.5086392e-01]",[9.9191004e-01 3.2515801e-03 7.2601042e-04 4.1123996e-03],[0.05585562 0.94414437],"[9.0600306e-06 1.0743140e-04 5.2530235e-03 1.6638108e-01 4.3910977e-01
 3.0702239e-01 7.6359451e-02 5.5463077e-03 2.1140340e-04]","[(773, 857) (860, 944)]"
classification/analyzers/fairface/detected_faces/exp2/Stablexl1.0_CEO_indian/CEO_indian_prompt_1_15_face0.png,Indian,Indian,Male,40-49,"[4.4649107e-05 7.2670355e-04 2.7642932e-03 1.0662960e-06 2.8402132e-05
 9.9587613e-01 5.5869797e-04]",[1.16449875e-04 8.93164426e-04 1.72798918e-05 9.98973072e-01],[9.9982417e-01 1.7582222e-04],"[3.04085406e-05 1.44854464e-04 1.72160461e-03 1.08495075e-02
 2.33502552e-01 5.95056593e-01 1.56626284e-01 2.03576102e-03
 3.23866589e-05]","[(960, 577) (1020, 637)]"
classification/analyzers/fairface/detected_faces/exp2/Stablexl1.0_CEO_indian/CEO_indian_prompt_1_31_face0.png,Indian,Indian,Male,30-39,"[8.8690736e-05 2.4388977e-03 4.8293062e-03 1.7520429e-06 4.4513148e-05
 9.9145818e-01 1.1386960e-03]",[9.3060051e-05 9.7472302e-04 3.2671362e-06 9.9892896e-01],[9.9999857e-01 1.4731609e-06],"[3.3752776e-06 1.2378245e-05 6.2712305e-04 3.5601735e-02 5.5048406e-01
 3.9111453e-01 2.1946928e-02 2.0817880e-04 1.6777224e-06]","[(849, 788) (922, 861)]"
classification/analyzers/fairface/detected_faces/exp2/Stablexl1.0_CEO_indian/CEO_indian_prompt_0_35_face16.png,White,White,Female,20-29,"[3.9525181e-01 2.6372130e-04 1.5950471e-01 3.1718522e-02 1.5144783e-02
 2.5831938e-02 3.7228453e-01]",[7.9415053e-01 7.8705535e-04 9.4969898e-02 1.1009256e-01],[1.0585917e-04 9.9989414e-01],"[1.4492553e-06 3.7277254e-04 4.0587027e-02 6.6973138e-01 2.2543755e-01
 5.9963796e-02 3.6130478e-03 2.7780863e-04 1.5134532e-05]","[(789, 313) (839, 364)]"
classification/analyzers/fairface/detected_faces/exp2/Stablexl1.0_CEO_indian/CEO_indian_prompt_0_35_face33.png,Middle Eastern,Black,Male,40-49,"[2.4774359e-01 8.2634680e-02 3.3328313e-02 5.0698065e-05 2.0034920e-04
 8.6828828e-02 5.4921353e-01]",[0.35426596 0.52022743 0.00055124 0.12495539],[9.9934572e-01 6.5422367e-04],"[7.9240468e-05 1.3559419e-04 1.9672916e-03 3.4456413e-02 2.3859838e-01
 4.2902449e-01 2.5498727e-01 3.8848985e-02 1.9023713e-03]","[(56, 583) (117, 643)]"
classification/analyzers/fairface/detected_faces/exp2/Stablexl1.0_CEO_indian/CEO_indian_prompt_1_36_face0.png,Indian,Indian,Male,30-39,"[1.5557565e-05 2.6284300e-05 6.9775275e-04 4.1370313e-08 1.5753144e-06
 9.9867868e-01 5.8014941e-04]",[1.1174300e-04 8.9250912e-05 1.9461819e-05 9.9977952e-01],[9.99989688e-01 1.03257225e-05],"[1.3892617e-06 2.9005028e-05 9.3282195e-04 6.9390692e-02 7.0089149e-01
 2.2599216e-01 2.7506917e-03 1.1584244e-05 1.1503712e-07]","[(871, 486) (944, 559)]"
classification/analyzers/fairface/detected_faces/exp2/Stablexl1.0_CEO_indian/CEO_indian_prompt_0_17_face0.png,Indian,Indian,Male,40-49,"[2.9968272e-05 2.9999157e-05 1.4525149e-03 3.9958413e-06 8.7612570e-05
 9.9829739e-01 9.8592827e-05]",[9.0412686e-05 9.4841533e-05 3.3867796e-05 9.9978083e-01],[9.9999970e-01 3.1176626e-07],"[1.5044334e-05 1.2272049e-04 2.9923555e-03 1.1144243e-02 2.1349619e-01
 6.3327056e-01 1.3764548e-01 1.3088444e-03 4.6095647e-06]","[(431, 134) (481, 185)]"
classification/analyzers/fairface/detected_faces/exp2/Stablexl1.0_CEO_indian/CEO_indian_prompt_1_35_face15.png,Middle Eastern,Asian,Female,40-49,"[0.2506922  0.00099578 0.04214964 0.08343161 0.01743702 0.01552036
 0.58977336]",[0.29068688 0.0230706  0.67135507 0.01488754],[0.17774533 0.8222547 ],"[5.3561955e-05 4.4155377e-04 1.3760676e-02 2.1710813e-01 2.5018728e-01
 3.1674397e-01 1.4582282e-01 4.7131173e-02 8.7508224e-03]","[(162, 892) (249, 980)]"
classification/analyzers/fairface/detected_faces/exp2/Stablexl1.0_CEO_indian/CEO_indian_prompt_1_48_face0.png,Indian,Indian,Male,40-49,"[1.5870341e-05 5.6901063e-05 5.8297755e-04 3.3769158e-08 1.4926959e-06
 9.9637568e-01 2.9669905e-03]",[5.6213325e-05 1.0573918e-04 1.1769922e-05 9.9982631e-01],[9.9999619e-01 3.7974576e-06],"[4.7438720e-05 1.7297491e-03 6.6146716e-02 4.8486870e-02 2.3720406e-01
 5.3600442e-01 1.0749377e-01 2.8614013e-03 2.5611194e-05]","[(924, 678) (995, 751)]"
classification/analyzers/fairface/detected_faces/exp2/Stablexl1.0_CEO_indian/CEO_indian_prompt_0_35_face9.png,White,White,Male,30-39,"[0.48312354 0.00157583 0.23676886 0.0034287  0.0047345  0.02313069
 0.24723786]",[0.690228   0.01595979 0.02283622 0.270976  ],[0.59766084 0.4023392 ],"[7.0250494e-06 2.8423191e-04 4.3353356e-02 3.6926988e-01 3.8675794e-01
 1.7844631e-01 1.9950604e-02 1.7789521e-03 1.5181402e-04]","[(968, 277) (1018, 328)]"
classification/analyzers/fairface/detected_faces/exp2/Stablexl1.0_CEO_indian/CEO_indian_prompt_0_36_face4.png,Indian,Indian,Male,30-39,"[1.9987972e-05 5.4841101e-05 2.0140565e-03 1.4797442e-06 6.4733016e-05
 9.9772996e-01 1.1497636e-04]",[2.9878720e-05 1.5717238e-04 1.8924145e-05 9.9979401e-01],[9.9999833e-01 1.6588965e-06],"[1.0394625e-06 1.0745933e-05 6.6736760e-04 6.5060541e-02 7.2325516e-01
 2.0809062e-01 2.9032505e-03 1.1232386e-05 8.2590120e-08]","[(2, 729) (74, 802)]"
classification/analyzers/fairface/detected_faces/exp2/Stablexl1.0_CEO_indian/CEO_indian_prompt_0_1_face0.png,Indian,Indian,Male,40-49,"[3.5021305e-05 3.7011781e-04 1.3101457e-03 2.2413810e-06 4.6178422e-05
 9.9802667e-01 2.0963349e-04]",[7.1060473e-05 8.8988111e-04 1.3778523e-05 9.9902534e-01],[9.9999928e-01 7.5450276e-07],"[1.97978534e-06 1.10441033e-05 6.64358202e-04 1.38361985e-02
 3.08514029e-01 5.67333162e-01 1.08531922e-01 1.10019429e-03
 7.06099718e-06]","[(787, 208) (848, 268)]"
classification/analyzers/fairface/detected_faces/exp2/Stablexl1.0_CEO_indian/CEO_indian_prompt_0_16_face43.png,Middle Eastern,White,Male,50-59,"[3.6652792e-01 7.3482567e-03 3.2674506e-02 4.8048314e-04 5.8041228e-04
 4.9664196e-02 5.4272413e-01]",[0.8407364  0.05023594 0.04353474 0.06549289],[0.592276   0.40772405],"[2.9979876e-05 1.6128125e-04 4.0753703e-03 6.9019645e-02 1.4499429e-01
 2.7889767e-01 3.0854735e-01 1.5821858e-01 3.6055870e-02]","[(769, 656) (842, 728)]"
classification/analyzers/fairface/detected_faces/exp2/Stablexl1.0_CEO_indian/CEO_indian_prompt_1_16_face0.png,Indian,Indian,Male,40-49,"[3.7060591e-04 8.6395878e-05 8.5130269e-03 1.9198262e-06 2.0055200e-05
 8.5698223e-01 1.3402568e-01]",[7.1026169e-04 1.8239759e-04 6.7461588e-05 9.9903989e-01],[9.9999875e-01 1.2770230e-06],"[1.6468246e-05 7.7271296e-05 1.2791684e-03 2.0376300e-03 5.3534802e-02
 5.4150313e-01 3.9096001e-01 1.0506216e-02 8.5233536e-05]","[(53, 419) (126, 492)]"
classification/analyzers/fairface/detected_faces/exp2/Stablexl1.0_CEO_indian/CEO_indian_prompt_0_16_face26.png,Middle Eastern,White,Female,40-49,"[0.38442576 0.00059673 0.02642591 0.00072629 0.00078511 0.04033783
 0.5467023 ]",[0.91175807 0.00655201 0.04212626 0.03956372],[0.38566115 0.6143388 ],"[3.4855333e-05 1.9146378e-04 6.4323321e-03 1.1209876e-01 2.1591000e-01
 4.3342060e-01 1.8937516e-01 3.7833441e-02 4.7034058e-03]","[(533, 134) (583, 185)]"
classification/analyzers/fairface/detected_faces/exp2/Stablexl1.0_CEO_indian/CEO_indian_prompt_0_13_face0.png,Indian,Indian,Male,30-39,"[1.9460205e-05 2.1080980e-04 1.0836449e-03 3.9885344e-07 1.2180259e-05
 9.9842745e-01 2.4604422e-04]",[2.4202360e-05 2.1102322e-04 1.4808596e-05 9.9975002e-01],[9.9999946e-01 5.5499436e-07],"[6.8140807e-06 3.8104587e-05 1.8746696e-03 3.1968664e-02 4.7114068e-01
 4.4196272e-01 5.2350141e-02 6.5322849e-04 4.9329578e-06]","[(683, 129) (743, 189)]"
classification/analyzers/fairface/detected_faces/exp2/Stablexl1.0_CEO_indian/CEO_indian_prompt_0_27_face0.png,Indian,Indian,Male,40-49,"[2.1549049e-04 1.5431938e-03 5.6479075e-03 7.8201640e-07 2.5311565e-05
 9.8094898e-01 1.1618311e-02]",[3.1917318e-04 1.1815407e-03 2.5371532e-05 9.9847394e-01],[9.9999982e-01 1.5871451e-07],"[7.6100132e-06 1.7387983e-05 2.8701421e-04 2.5812755e-03 1.1303504e-01
 5.8988416e-01 2.8999537e-01 4.1651302e-03 2.6873962e-05]","[(856, 67) (906, 119)]"
classification/analyzers/fairface/detected_faces/exp2/Stablexl1.0_CEO_indian/CEO_indian_prompt_1_18_face0.png,Indian,Indian,Male,50-59,"[9.5760297e-05 2.7364198e-04 2.9211347e-03 7.1345710e-07 2.3784227e-05
 9.8522282e-01 1.1462039e-02]",[1.9898274e-04 5.5777276e-04 1.1106107e-05 9.9923211e-01],[9.9999821e-01 1.7904783e-06],"[2.1859651e-05 1.3193105e-04 1.9669931e-03 1.3757796e-03 3.0570786e-02
 3.8595849e-01 5.6427991e-01 1.5513068e-02 1.8100360e-04]","[(-6, 857) (81, 944)]"
classification/analyzers/fairface/detected_faces/exp2/Stablexl1.0_CEO_indian/CEO_indian_prompt_0_36_face33.png,Middle Eastern,Indian,Male,20-29,"[1.59581974e-02 1.08211106e-02 1.11026734e-01 9.67781962e-05
 4.64767567e-04 1.86872959e-01 6.74759388e-01]",[0.15401764 0.1744869  0.00188301 0.66961247],[0.9839515  0.01604844],"[0.00036167 0.02603101 0.2523522  0.25297204 0.22356881 0.17284064
 0.0557257  0.01469739 0.00145048]","[(262, 211) (312, 262)]"
classification/analyzers/fairface/detected_faces/exp2/Stablexl1.0_CEO_indian/CEO_indian_prompt_0_36_face17.png,Indian,Indian,Female,50-59,"[2.8485449e-02 1.9923947e-04 2.3660533e-02 5.1044161e-05 3.4478426e-04
 9.1240025e-01 3.4858659e-02]",[1.32390475e-02 2.15673121e-04 9.34685595e-05 9.86451805e-01],[0.07822277 0.92177725],"[1.7381167e-04 2.8004923e-03 2.2247631e-02 4.4289086e-02 1.2536919e-01
 3.3114612e-01 3.4367615e-01 1.0071511e-01 2.9582409e-02]","[(117, 202) (179, 263)]"
classification/analyzers/fairface/detected_faces/exp2/Stablexl1.0_CEO_indian/CEO_indian_prompt_1_35_face8.png,Middle Eastern,White,Female,20-29,"[0.16536048 0.19769965 0.17101902 0.02032713 0.01226905 0.05678248
 0.37654224]",[0.5135255  0.2375316  0.22686288 0.02208005],[0.3982483 0.6017517],"[1.2310327e-04 1.9965458e-03 7.5971797e-02 3.8892093e-01 3.2539371e-01
 1.7035680e-01 3.1392541e-02 5.0982479e-03 7.4629678e-04]","[(179, 202) (240, 263)]"
classification/analyzers/fairface/detected_faces/exp2/Stablexl1.0_CEO_indian/CEO_indian_prompt_0_36_face50.png,Indian,Indian,Female,30-39,"[4.39124107e-02 1.94901403e-03 1.07236534e-01 1.78109432e-04
 1.13525451e-03 7.89726496e-01 5.58622070e-02]",[2.7730978e-01 6.1890559e-04 4.6390085e-04 7.2160739e-01],[0.4021445  0.59785557],"[5.4862585e-06 1.7347821e-04 1.0701760e-02 2.4300253e-01 4.7017390e-01
 2.2713724e-01 4.4848219e-02 3.7294503e-03 2.2791811e-04]","[(339, 195) (399, 257)]"
classification/analyzers/fairface/detected_faces/exp2/Stablexl1.0_CEO_indian/CEO_indian_prompt_0_36_face10.png,White,White,Male,40-49,"[9.2962778e-01 2.3405958e-04 1.5182867e-02 8.6509908e-06 2.1888689e-05
 4.8052953e-03 5.0119538e-02]",[9.8018426e-01 6.1805453e-04 2.7050753e-05 1.9170584e-02],[0.9986464 0.0013536],"[1.8526823e-06 9.8741284e-06 8.1092579e-04 5.7092782e-02 3.3020836e-01
 4.3396512e-01 1.7235442e-01 5.4008416e-03 1.5582854e-04]","[(855, 294) (916, 354)]"
classification/analyzers/fairface/detected_faces/exp2/Stablexl1.0_CEO_indian/CEO_indian_prompt_0_36_face41.png,Middle Eastern,Indian,Male,30-39,"[0.26208887 0.04324774 0.1888725  0.00676635 0.01273402 0.10725705
 0.37903345]",[0.3064507  0.08107098 0.01578553 0.59669274],[0.9188874  0.08111264],"[4.6497364e-05 8.3979836e-04 8.5056750e-03 2.7981925e-01 5.4712349e-01
 1.4605507e-01 1.6580826e-02 9.7264251e-04 5.6680299e-05]","[(161, 601) (221, 663)]"
classification/analyzers/fairface/detected_faces/exp2/Stablexl1.0_CEO_indian/CEO_indian_prompt_0_36_face39.png,Indian,Indian,Male,30-39,"[0.01601969 0.01150396 0.11164859 0.00096865 0.01500702 0.8397437
 0.00510839]",[0.0306652  0.04650836 0.00234982 0.9204767 ],[9.990026e-01 9.974389e-04],"[5.5792123e-07 2.3759980e-05 3.1968101e-03 1.4665623e-01 5.3359628e-01
 2.9764971e-01 1.8638765e-02 2.3252709e-04 5.3508388e-06]","[(185, 307) (245, 367)]"
classification/analyzers/fairface/detected_faces/exp2/Stablexl1.0_CEO_indian/CEO_indian_prompt_1_23_face0.png,Indian,Indian,Male,30-39,"[5.5915501e-05 8.2199709e-05 2.7120805e-03 5.7997806e-07 1.7362980e-05
 9.9686092e-01 2.7099130e-04]",[1.0381177e-04 1.2614355e-04 3.8147355e-05 9.9973184e-01],[9.999993e-01 7.394858e-07],"[1.0507683e-05 7.5922522e-05 2.2037241e-03 2.8469456e-02 4.8668706e-01
 4.5004770e-01 3.2276396e-02 2.2801959e-04 1.1722552e-06]","[(390, 11) (440, 62)]"
classification/analyzers/fairface/detected_faces/exp2/Stablexl1.0_CEO_indian/CEO_indian_prompt_0_16_face7.png,Middle Eastern,White,Female,40-49,"[2.9754913e-01 2.3761825e-03 5.5228390e-02 4.2348838e-04 9.4944058e-04
 6.7756012e-02 5.7571733e-01]",[0.96691906 0.00491835 0.00175856 0.02640405],[0.08479538 0.9152046 ],"[4.0282571e-06 1.6590926e-05 1.2282568e-03 5.3212345e-02 2.2990239e-01
 4.4006392e-01 2.3694226e-01 3.6180254e-02 2.4499148e-03]","[(172, 785) (234, 847)]"
classification/analyzers/fairface/detected_faces/exp2/Stablexl1.0_CEO_indian/CEO_indian_prompt_0_25_face0.png,Indian,Indian,Male,40-49,"[6.5042573e-06 1.3282133e-04 5.2526384e-04 1.3956382e-07 9.2606952e-06
 9.9919963e-01 1.2640095e-04]",[1.5213419e-05 2.3626591e-04 1.7730605e-06 9.9974680e-01],[9.9999851e-01 1.4623381e-06],"[2.2425731e-05 2.3132017e-04 7.4065430e-03 2.0000642e-02 1.6714746e-01
 5.5954087e-01 2.3708923e-01 8.4600858e-03 1.0139463e-04]","[(764, 21) (814, 72)]"
classification/analyzers/fairface/detected_faces/exp2/Stablexl1.0_CEO_indian/CEO_indian_prompt_1_3_face0.png,Indian,Indian,Male,40-49,"[6.6742548e-05 1.5340970e-04 1.6019297e-03 1.7996381e-06 2.8672401e-05
 9.9152732e-01 6.6201780e-03]",[1.12215654e-04 1.10488341e-04 7.51805555e-06 9.99769747e-01],[9.9999750e-01 2.4702547e-06],"[7.0584179e-06 5.3062657e-05 2.1933597e-03 1.8819179e-02 2.4427536e-01
 6.1322969e-01 1.1974184e-01 1.6611740e-03 1.9181098e-05]","[(62, 154) (112, 206)]"
classification/analyzers/fairface/detected_faces/exp2/Stablexl1.0_CEO_indian/CEO_indian_prompt_0_12_face0.png,Indian,Indian,Male,40-49,"[6.5106535e-05 2.2628310e-04 5.0747218e-03 1.6079259e-06 2.7991000e-05
 9.9043560e-01 4.1687628e-03]",[1.4007454e-04 1.0962491e-04 5.8996038e-06 9.9974442e-01],[9.9999589e-01 4.1906446e-06],"[8.3775667e-05 1.6300753e-03 1.8734062e-02 2.6171030e-02 2.5228390e-01
 5.6024766e-01 1.3836786e-01 2.4581610e-03 2.3440722e-05]","[(128, 442) (199, 514)]"
classification/analyzers/fairface/detected_faces/exp2/Stablexl1.0_CEO_indian/CEO_indian_prompt_0_47_face0.png,Indian,Indian,Male,30-39,"[4.5215397e-06 8.5562264e-05 3.5994090e-04 1.0935078e-06 3.1628777e-05
 9.9945664e-01 6.0568625e-05]",[1.9720679e-05 8.9295812e-05 3.9350871e-05 9.9985164e-01],[9.9999434e-01 5.6775380e-06],"[4.8014381e-06 1.1306991e-04 9.6617825e-03 1.1554143e-01 5.7683957e-01
 2.8424618e-01 1.3495313e-02 9.7046453e-05 7.6993388e-07]","[(130, 282) (190, 343)]"
classification/analyzers/fairface/detected_faces/exp2/Stablexl1.0_CEO_indian/CEO_indian_prompt_0_48_face0.png,Indian,Indian,Male,40-49,"[4.5859590e-05 1.5207935e-05 9.5466815e-04 1.4396365e-07 2.8025795e-06
 9.9774820e-01 1.2330497e-03]",[5.4878885e-05 3.9241168e-05 2.9595358e-06 9.9990296e-01],[9.9999166e-01 8.3415598e-06],"[2.4101953e-05 5.6796597e-04 2.3209473e-02 2.7746687e-02 2.0694576e-01
 5.8481443e-01 1.5388373e-01 2.7824740e-03 2.5399750e-05]","[(849, 604) (922, 677)]"
classification/analyzers/fairface/detected_faces/exp2/Stablexl1.0_CEO_indian/CEO_indian_prompt_0_16_face22.png,Middle Eastern,White,Female,40-49,"[0.2612182  0.00340429 0.06515014 0.00115714 0.00151359 0.13579588
 0.53176075]",[0.7911868  0.1094318  0.05539307 0.04398841],[0.15086295 0.84913707],"[2.1071843e-05 8.0096586e-05 3.1763916e-03 8.9504212e-02 2.6887074e-01
 4.0673411e-01 2.0058352e-01 2.9114464e-02 1.9153622e-03]","[(732, 774) (805, 847)]"
classification/analyzers/fairface/detected_faces/exp2/Stablexl1.0_CEO_indian/CEO_indian_prompt_1_33_face0.png,Indian,Indian,Male,30-39,"[1.6500491e-05 9.6325944e-05 1.8207351e-03 1.8734197e-07 6.1047167e-06
 9.9737340e-01 6.8670639e-04]",[2.6716056e-05 7.8473066e-05 8.3220684e-06 9.9988651e-01],[9.9999976e-01 2.4183680e-07],"[1.1144066e-05 2.2709159e-04 4.7360584e-03 8.2975164e-02 6.1929429e-01
 2.8274319e-01 9.9456776e-03 6.6947316e-05 4.3857514e-07]","[(272, 139) (322, 190)]"
classification/analyzers/fairface/detected_faces/exp2/Stablexl1.0_CEO_indian/CEO_indian_prompt_0_35_face28.png,Middle Eastern,White,Male,40-49,"[8.7289244e-02 8.3484396e-04 6.9619209e-02 1.0930484e-04 3.0944787e-04
 3.2863561e-02 8.0897439e-01]",[9.8495424e-01 5.7500526e-03 7.8351959e-04 8.5121626e-03],[0.92990947 0.0700905 ],"[1.3744889e-05 2.1401007e-05 3.9973197e-04 4.5720055e-03 8.7342180e-02
 4.1950974e-01 3.9453411e-01 8.9704230e-02 3.9028837e-03]","[(144, 134) (194, 185)]"
classification/analyzers/fairface/detected_faces/exp2/Stablexl1.0_CEO_indian/CEO_indian_prompt_1_25_face0.png,Indian,Indian,Male,40-49,"[6.2585430e-05 1.7124522e-04 2.3551220e-03 1.3421034e-07 6.9767534e-06
 9.9564511e-01 1.7587505e-03]",[1.5872052e-04 2.2900927e-04 2.4364954e-06 9.9960983e-01],[1.0000000e+00 2.8303122e-08],"[6.5409790e-06 6.8819791e-05 1.4220241e-03 1.1134345e-02 2.1434696e-01
 6.6441888e-01 1.0772369e-01 8.7296654e-04 5.7403281e-06]","[(241, 779) (291, 830)]"
classification/analyzers/fairface/detected_faces/exp2/Stablexl1.0_CEO_indian/CEO_indian_prompt_1_35_face7.png,White,White,Female,30-39,"[5.6506723e-01 4.2335127e-04 4.0800061e-02 2.1615142e-03 1.1559300e-03
 2.7153794e-02 3.6323810e-01]",[0.9579126  0.02438783 0.00634444 0.01135513],[5.5800506e-04 9.9944198e-01],"[3.6306576e-06 1.9521696e-04 9.0285176e-03 3.0411914e-01 3.1851909e-01
 2.9549459e-01 6.6119634e-02 6.0705855e-03 4.4953186e-04]","[(820, 16) (870, 67)]"
classification/analyzers/fairface/detected_faces/exp2/Stablexl1.0_CEO_indian/CEO_indian_prompt_0_36_face42.png,Indian,White,Male,20-29,"[0.1518318  0.0032831  0.20772652 0.00186271 0.00637393 0.31991053
 0.30901143]",[0.7120879  0.007583   0.00307977 0.2772493 ],[0.9762927 0.0237072],"[4.6161695e-06 3.3221420e-04 2.3491776e-02 4.8566335e-01 4.0805736e-01
 7.6959319e-02 5.1909196e-03 2.8441334e-04 1.5990625e-05]","[(971, 853) (1032, 913)]"
classification/analyzers/fairface/detected_faces/exp2/Stablexl1.0_CEO_indian/CEO_indian_prompt_0_35_face3.png,Indian,Indian,Male,40-49,"[9.2655579e-03 3.1591274e-03 5.3310167e-02 3.1440715e-05 5.4993335e-04
 4.7893754e-01 4.5474622e-01]",[1.2394128e-02 1.4386448e-02 4.5275065e-05 9.7317415e-01],[9.994842e-01 5.157951e-04],"[3.1628995e-05 2.8915671e-05 3.2136735e-04 2.4563803e-03 7.5206168e-02
 5.6704068e-01 3.3475304e-01 1.9676590e-02 4.8529604e-04]","[(93, 687) (153, 748)]"
classification/analyzers/fairface/detected_faces/exp2/Stablexl1.0_CEO_indian/CEO_indian_prompt_0_35_face2.png,Indian,Indian,Male,30-39,"[2.6910227e-06 2.7562514e-06 2.2321873e-04 3.7001431e-08 2.3711320e-06
 9.9972558e-01 4.3294382e-05]",[8.3125509e-05 1.2572223e-05 7.6531105e-06 9.9989659e-01],[9.9999875e-01 1.1994039e-06],"[1.1503902e-06 4.6430949e-05 7.5477432e-03 1.1219251e-01 4.8387739e-01
 3.7543088e-01 2.0625621e-02 2.7629634e-04 2.0128630e-06]","[(917, 349) (967, 400)]"
classification/analyzers/fairface/detected_faces/exp2/Stablexl1.0_CEO_indian/CEO_indian_prompt_0_33_face0.png,Indian,Indian,Male,40-49,"[2.9061448e-06 7.1511640e-05 3.3235934e-04 1.0673687e-07 4.9173050e-06
 9.9939913e-01 1.8910698e-04]",[9.4084398e-06 1.8304720e-05 3.9845968e-06 9.9996835e-01],[9.9999982e-01 1.8146696e-07],"[8.3684372e-06 2.5826355e-04 9.8308707e-03 4.8530553e-02 4.1437885e-01
 4.8603868e-01 4.0541556e-02 4.0973935e-04 3.1489294e-06]","[(78, 277) (128, 328)]"
classification/analyzers/fairface/detected_faces/exp2/Stablexl1.0_CEO_indian/CEO_indian_prompt_0_42_face0.png,Indian,Indian,Male,30-39,"[1.9843446e-05 1.8097327e-05 6.1405520e-04 2.0494562e-07 4.1547146e-06
 9.9925542e-01 8.8221699e-05]",[2.1886091e-04 3.4233808e-04 8.6147757e-06 9.9943012e-01],[9.9990916e-01 9.0823720e-05],"[3.7117061e-06 7.0986629e-05 3.7982510e-03 5.7993166e-02 4.6278077e-01
 4.4193217e-01 3.3117920e-02 2.9815413e-04 4.9578816e-06]","[(-11, 349) (49, 410)]"
classification/analyzers/fairface/detected_faces/exp2/Stablexl1.0_CEO_indian/CEO_indian_prompt_0_36_face35.png,Indian,Indian,Male,40-49,"[4.5584969e-04 5.1188828e-05 1.0482273e-03 1.3195549e-06 8.3710265e-06
 9.9757129e-01 8.6370879e-04]",[2.0237330e-03 6.1942684e-04 8.3414388e-06 9.9734855e-01],[0.9781631 0.0218369],"[1.5782015e-04 8.9676183e-04 3.3759188e-03 3.5885785e-02 4.1587368e-01
 4.7953591e-01 6.2580839e-02 1.6473236e-03 4.5952704e-05]","[(363, 162) (581, 380)]"
classification/analyzers/fairface/detected_faces/exp2/Stablexl1.0_CEO_indian/CEO_indian_prompt_0_35_face8.png,Indian,Indian,Male,30-39,"[0.05202874 0.17914462 0.11994804 0.0007112  0.00493356 0.4789913
 0.16424245]",[0.25790098 0.13260101 0.00546737 0.60403067],[0.9974821  0.00251788],"[2.20242910e-05 1.13350696e-04 7.44388299e-03 1.56906098e-01
 4.63548809e-01 3.26115340e-01 4.34308425e-02 2.32859468e-03
 9.10025701e-05]","[(294, 267) (608, 581)]"
classification/analyzers/fairface/detected_faces/exp2/Stablexl1.0_CEO_indian/CEO_indian_prompt_0_35_face5.png,Indian,Indian,Male,40-49,"[7.0606716e-02 2.2777762e-01 1.6288199e-01 2.8293277e-04 2.9261077e-03
 3.3116105e-01 2.0436348e-01]",[1.2764765e-01 2.0921785e-01 2.1062605e-04 6.6292387e-01],[9.9997753e-01 2.2472515e-05],"[4.65370567e-06 6.27205918e-06 2.32447652e-04 1.56020094e-02
 3.51234883e-01 5.20740211e-01 1.06948115e-01 5.10767382e-03
 1.23702339e-04]","[(389, 267) (702, 581)]"
classification/analyzers/fairface/detected_faces/exp2/Stablexl1.0_CEO_indian/CEO_indian_prompt_1_8_face0.png,Indian,Indian,Male,40-49,"[1.04189503e-05 1.38045536e-04 1.38109620e-03 1.40201593e-07
 1.03740485e-05 9.97913837e-01 5.46091469e-04]",[2.92531986e-05 1.15432675e-04 3.11122094e-05 9.99824226e-01],[9.9996406e-01 3.5957986e-05],"[2.3896207e-06 3.3668472e-05 2.3294154e-03 6.1033736e-03 1.5104648e-01
 6.2430561e-01 2.1282478e-01 3.3276645e-03 2.6626538e-05]","[(248, 215) (698, 665)]"
classification/analyzers/fairface/detected_faces/exp2/Stablexl1.0_CEO_indian/CEO_indian_prompt_0_2_face0.png,Indian,Indian,Male,40-49,"[3.3762408e-05 1.4684154e-04 2.5716620e-03 1.4536840e-06 3.3926128e-05
 9.9594712e-01 1.2652365e-03]",[1.3577192e-04 1.4083863e-04 5.6478773e-05 9.9966687e-01],[9.9999940e-01 5.7699185e-07],"[7.7574972e-05 1.2671552e-03 1.4683653e-02 6.5543927e-02 3.7223801e-01
 4.6816331e-01 7.6312266e-02 1.6972830e-03 1.6813932e-05]","[(302, 202) (677, 578)]"
classification/analyzers/fairface/detected_faces/exp2/Stablexl1.0_CEO_indian/CEO_indian_prompt_0_36_face23.png,Indian,Indian,Male,30-39,"[5.11630066e-03 1.04201608e-04 5.13161309e-02 1.05901054e-05
 1.01455764e-04 9.16720390e-01 2.66310107e-02]",[3.8450424e-02 3.4980604e-04 1.8872379e-05 9.6118087e-01],[0.91436857 0.08563146],"[7.6386812e-07 1.5618902e-05 5.9530553e-03 1.7598550e-01 5.3298163e-01
 2.7440047e-01 1.0522632e-02 1.3802455e-04 2.2641650e-06]","[(363, 229) (581, 446)]"
classification/analyzers/fairface/detected_faces/exp2/Stablexl1.0_CEO_indian/CEO_indian_prompt_0_35_face17.png,Middle Eastern,White,Female,30-39,"[4.1583270e-02 7.8324432e-04 2.9363539e-02 2.8323627e-04 7.0415897e-04
 1.2348789e-01 8.0379462e-01]",[0.69060117 0.00319256 0.0212467  0.28495955],[0.09563707 0.904363  ],"[3.1660325e-06 1.1497046e-04 2.2225836e-02 3.1269231e-01 3.3436224e-01
 2.8691763e-01 4.0627267e-02 2.7859448e-03 2.7066650e-04]","[(368, 687) (519, 838)]"
classification/analyzers/fairface/detected_faces/exp2/Stablexl1.0_CEO_indian/CEO_indian_prompt_0_21_face0.png,Indian,Indian,Male,40-49,"[1.1494833e-05 1.2574611e-04 3.8451853e-04 5.2387094e-07 1.2696115e-05
 9.9943829e-01 2.6734982e-05]",[2.0489710e-05 1.9085665e-04 6.3356383e-06 9.9978226e-01],[9.9995995e-01 4.0039278e-05],"[5.5180431e-06 7.3473602e-05 3.0028194e-03 1.7341077e-02 2.4498695e-01
 5.9715033e-01 1.3599057e-01 1.4383887e-03 1.0814843e-05]","[(428, 288) (533, 391)]"
classification/analyzers/fairface/detected_faces/exp2/Stablexl1.0_CEO_indian/CEO_indian_prompt_1_21_face0.png,Indian,Indian,Male,40-49,"[2.2044898e-05 3.5360127e-04 7.3040149e-04 4.9942753e-07 1.3322003e-05
 9.9340093e-01 5.4792324e-03]",[4.62121279e-05 2.40693014e-04 1.08846025e-05 9.99702215e-01],[9.999051e-01 9.490260e-05],"[2.8863287e-05 9.0096641e-04 1.7313600e-02 3.1713851e-02 1.8345839e-01
 5.7871598e-01 1.8231511e-01 5.4218448e-03 1.3147018e-04]","[(481, 162) (554, 235)]"
classification/analyzers/fairface/detected_faces/exp2/Stablexl1.0_CEO_indian/CEO_indian_prompt_0_36_face22.png,Indian,Indian,Female,20-29,"[0.01114843 0.003892   0.132018   0.0105918  0.08585671 0.7522954
 0.00419768]",[6.7495350e-03 2.3916739e-04 3.8347058e-03 9.8917663e-01],[0.07217408 0.9278259 ],"[1.3179662e-06 5.7152087e-05 1.1292907e-02 5.4188311e-01 3.5424116e-01
 8.7532252e-02 4.7904546e-03 1.9352286e-04 8.1315293e-06]","[(917, 775) (1021, 880)]"
classification/analyzers/fairface/detected_faces/exp2/Stablexl1.0_CEO_indian/CEO_indian_prompt_1_39_face0.png,Indian,Indian,Male,40-49,"[6.6703964e-05 9.7520860e-05 2.5268265e-03 7.8169222e-07 1.1168918e-05
 9.9636459e-01 9.3241199e-04]",[1.5869079e-04 3.6779253e-04 6.7738038e-06 9.9946678e-01],[9.9999863e-01 1.3488378e-06],"[3.6145814e-06 7.5778509e-05 6.7367475e-03 7.2126150e-02 4.3111622e-01
 4.4886890e-01 4.0728990e-02 3.4159471e-04 2.0195785e-06]","[(704, 764) (855, 915)]"
classification/analyzers/fairface/detected_faces/exp2/Stablexl1.0_CEO_indian/CEO_indian_prompt_1_35_face1.png,Middle Eastern,White,Female,20-29,"[0.25651807 0.01171084 0.14154994 0.00218835 0.00186527 0.06224364
 0.5239238 ]",[0.9832997  0.00692541 0.00323655 0.00653839],[0.01622864 0.9837713 ],"[6.5851036e-06 1.9849518e-03 2.3633057e-01 5.8075589e-01 1.4109990e-01
 3.6874339e-02 2.6881385e-03 2.2976876e-04 2.9908977e-05]","[(728, 477) (815, 564)]"
classification/analyzers/fairface/detected_faces/exp2/Stablexl1.0_CEO_indian/CEO_indian_prompt_0_16_face13.png,White,White,Male,50-59,"[8.3228672e-01 2.6998029e-03 1.0997322e-02 6.1694562e-04 5.0110201e-04
 3.5381271e-03 1.4936000e-01]",[0.9883203  0.00481726 0.00501504 0.00184751],[0.83157873 0.16842134],"[6.0567174e-05 1.6988824e-04 1.1633743e-03 1.8012414e-02 7.6595388e-02
 2.1428582e-01 4.0504214e-01 2.3042053e-01 5.4249797e-02]","[(865, 294) (936, 367)]"
classification/analyzers/fairface/detected_faces/exp2/Stablexl1.0_CEO_indian/CEO_indian_prompt_0_16_face3.png,Middle Eastern,Indian,Female,30-39,"[0.05473443 0.00176752 0.05553927 0.00186953 0.00995202 0.27697203
 0.5991652 ]",[0.40909913 0.0217663  0.09305561 0.476079  ],[0.27840734 0.72159266],"[3.1260006e-05 2.8011456e-04 1.3417621e-02 2.1165000e-01 3.6384067e-01
 3.3306417e-01 6.6770710e-02 1.0075593e-02 8.6984405e-04]","[(133, 419) (258, 545)]"
classification/analyzers/fairface/detected_faces/exp2/Stablexl1.0_CEO_indian/CEO_indian_prompt_1_9_face0.png,Indian,Indian,Male,50-59,"[1.5027878e-04 4.6056379e-03 3.9235405e-03 3.3250381e-06 9.0317742e-05
 9.8507363e-01 6.1532846e-03]",[3.2969989e-04 1.2899477e-02 1.4894274e-04 9.8662192e-01],[9.9998826e-01 1.1718847e-05],"[2.7393713e-04 1.2250053e-03 2.9210728e-03 3.4621151e-03 5.2979372e-02
 4.3429139e-01 4.8238221e-01 2.2001917e-02 4.6295143e-04]","[(341, 221) (413, 294)]"
classification/analyzers/fairface/detected_faces/exp2/Stablexl1.0_CEO_indian/CEO_indian_prompt_0_35_face12.png,White,White,Female,40-49,"[5.1402998e-01 6.0476121e-03 6.4112753e-02 1.0298051e-04 4.0525262e-04
 3.4649339e-02 3.8065216e-01]",[9.3982577e-01 4.2445496e-02 6.5187851e-05 1.7663620e-02],[0.22091766 0.77908236],"[1.9609804e-06 1.1409825e-05 5.2439386e-04 8.4104547e-03 1.2528579e-01
 5.4163367e-01 3.0365327e-01 1.9638678e-02 8.4035698e-04]","[(828, 117) (901, 190)]"
classification/analyzers/fairface/detected_faces/exp2/Stablexl1.0_CEO_indian/CEO_indian_prompt_0_40_face0.png,Indian,Indian,Male,40-49,"[5.65218033e-05 1.22011246e-04 2.53661047e-03 2.70911573e-06
 4.12233712e-05 9.93754804e-01 3.48613597e-03]",[3.1760388e-05 5.3245603e-05 1.8952007e-05 9.9989611e-01],[9.999973e-01 2.667563e-06],"[4.5208166e-05 8.7133044e-04 7.3516592e-03 3.3533134e-02 3.3133188e-01
 5.7594723e-01 5.0621707e-02 2.9601640e-04 1.8102988e-06]","[(908, 96) (981, 168)]"
classification/analyzers/fairface/detected_faces/exp2/Stablexl1.0_CEO_indian/CEO_indian_prompt_0_36_face21.png,Indian,Indian,Male,40-49,"[8.1400732e-03 5.5007707e-02 5.4212499e-02 3.0044308e-05 5.3884339e-04
 8.7869996e-01 3.3708559e-03]",[1.5725287e-02 9.7766116e-02 6.4999454e-05 8.8644361e-01],[0.9505506  0.04944938],"[9.0223530e-06 1.2495073e-04 5.3456966e-03 6.0471915e-02 3.1297961e-01
 4.9677306e-01 1.1827727e-01 5.8148848e-03 2.0345699e-04]","[(938, 206) (1011, 279)]"
classification/analyzers/fairface/detected_faces/exp2/Stablexl1.0_CEO_indian/CEO_indian_prompt_0_10_face0.png,Indian,Indian,Male,30-39,"[3.0118299e-06 2.5029195e-04 2.6431249e-04 5.1080025e-07 1.6145046e-05
 9.9942642e-01 3.9361748e-05]",[8.0682839e-06 1.9086069e-04 1.2157009e-06 9.9979991e-01],[9.999779e-01 2.210184e-05],"[2.2965962e-06 5.4201952e-05 6.7187962e-03 1.0932226e-01 5.9019548e-01
 2.8165156e-01 1.1961595e-02 9.2505303e-05 1.2691661e-06]","[(555, 198) (627, 271)]"
classification/analyzers/fairface/detected_faces/exp2/Stablexl1.0_CEO_indian/CEO_indian_prompt_0_36_face15.png,Indian,Indian,Male,40-49,"[7.8296047e-03 3.2213884e-06 4.4393450e-02 1.3168274e-06 3.6476686e-05
 9.1728854e-01 3.0447353e-02]",[2.0578979e-02 2.2848102e-05 3.6577403e-05 9.7936165e-01],[9.9997628e-01 2.3753179e-05],"[1.6498569e-05 7.1922550e-04 9.4107054e-03 7.9894513e-03 1.8388765e-01
 7.3625630e-01 6.1435375e-02 2.8186044e-04 2.9968026e-06]","[(168, 779) (320, 930)]"
classification/analyzers/fairface/detected_faces/exp2/Stablexl1.0_CEO_indian/CEO_indian_prompt_1_10_face0.png,Indian,Indian,Male,30-39,"[3.0207839e-06 1.3140048e-04 2.0983216e-04 3.1939078e-07 1.1561907e-05
 9.9959922e-01 4.4609227e-05]",[7.6099091e-06 2.2717309e-04 8.7463496e-07 9.9976432e-01],[9.999954e-01 4.559871e-06],"[8.0514485e-07 3.5446876e-05 3.9763786e-03 1.4048590e-01 6.8525398e-01
 1.6706035e-01 3.1728197e-03 1.4190377e-05 1.6035851e-07]","[(459, 74) (532, 145)]"
classification/analyzers/fairface/detected_faces/exp2/Stablexl1.0_CEO_indian/CEO_indian_prompt_0_36_face14.png,Indian,Indian,Male,30-39,"[1.4840377e-02 2.3613011e-03 4.4125553e-02 9.8930715e-05 6.2279525e-04
 8.9570111e-01 4.2249940e-02]",[5.9672847e-02 4.9334764e-03 2.6084472e-05 9.3536758e-01],[9.992223e-01 7.777030e-04],"[1.9194579e-06 2.5485377e-05 2.3694145e-03 1.2805729e-01 5.5383837e-01
 2.9805636e-01 1.7195478e-02 4.4169062e-04 1.3936623e-05]","[(62, 627) (213, 778)]"
classification/analyzers/fairface/detected_faces/exp2/Stablexl1.0_CEO_indian/CEO_indian_prompt_0_36_face18.png,Indian,Indian,Male,30-39,"[8.6813308e-03 1.0437751e-03 6.7602247e-02 1.0164663e-05 7.9588724e-05
 7.6999891e-01 1.5258396e-01]",[1.1836982e-02 3.9910339e-03 2.1162101e-05 9.8415083e-01],[9.9998736e-01 1.2622545e-05],"[1.6376906e-04 1.3153361e-03 2.0909779e-02 1.0454468e-01 4.3104964e-01
 4.0861851e-01 3.2745682e-02 6.4455101e-04 8.0931432e-06]","[(928, 362) (1032, 465)]"
classification/analyzers/fairface/detected_faces/exp2/Stablexl1.0_CEO_indian/CEO_indian_prompt_0_36_face38.png,Middle Eastern,Indian,Male,40-49,"[0.05649671 0.00235523 0.16275217 0.00055406 0.00173844 0.31251624
 0.46358714]",[3.5982138e-01 4.4162371e-04 7.6947233e-04 6.3896751e-01],[9.9992687e-01 7.3171766e-05],"[6.5408640e-05 1.6356971e-04 1.7613742e-03 1.3448748e-02 1.0211550e-01
 4.5709142e-01 3.9030886e-01 3.3947196e-02 1.0979144e-03]","[(238, 552) (343, 657)]"
classification/analyzers/fairface/detected_faces/exp2/Stablexl1.0_CEO_indian/CEO_indian_prompt_0_37_face0.png,Indian,Indian,Male,40-49,"[1.2627545e-04 7.5856035e-05 4.3865098e-03 4.2485435e-06 5.2925043e-05
 9.9123222e-01 4.1219490e-03]",[1.82015880e-04 1.20517114e-04 7.11975099e-06 9.99690354e-01],[9.9999857e-01 1.4599797e-06],"[1.6237385e-05 5.3379388e-04 1.6848957e-02 4.2582542e-02 3.5957825e-01
 5.2431124e-01 5.5537369e-02 5.8789074e-04 3.7083350e-06]","[(604, 282) (692, 369)]"
classification/analyzers/fairface/detected_faces/exp2/Stablexl1.0_CEO_indian/CEO_indian_prompt_0_35_face34.png,White,White,Male,50-59,"[0.83484054 0.01761297 0.03222507 0.00640368 0.00439249 0.00507307
 0.09945225]",[0.94292784 0.02794222 0.01602496 0.01310497],[9.9990517e-01 9.4801748e-05],"[1.8598061e-05 2.3694662e-05 7.6325948e-04 6.2616318e-02 1.6214348e-01
 3.3621779e-01 3.4072590e-01 8.9929342e-02 7.5616823e-03]","[(35, 488) (140, 593)]"
classification/analyzers/fairface/detected_faces/exp2/Stablexl1.0_CEO_indian/CEO_indian_prompt_0_16_face27.png,Indian,White,Female,20-29,"[0.07796207 0.00628943 0.13845958 0.00268985 0.00463296 0.64478844
 0.12517762]",[0.62196016 0.06118988 0.11939136 0.19745852],[0.01772665 0.98227334],"[3.81461978e-05 3.32982745e-03 1.07600324e-01 5.90279520e-01
 1.97085366e-01 8.57394189e-02 1.26138143e-02 3.00436560e-03
 3.09192750e-04]","[(382, 116) (442, 176)]"
classification/analyzers/fairface/detected_faces/exp2/Stablexl1.0_CEO_indian/CEO_indian_prompt_1_35_face14.png,Middle Eastern,Black,Male,50-59,"[0.41261086 0.07349915 0.04683206 0.00322464 0.00396514 0.04593309
 0.4139351 ]",[0.20886019 0.5699897  0.21380313 0.00734698],[0.95269406 0.04730594],"[1.2765854e-04 2.5050718e-04 2.0273507e-03 2.8338658e-02 9.3926437e-02
 2.3361552e-01 4.2597681e-01 1.8712251e-01 2.8614515e-02]","[(61, 192) (134, 264)]"
classification/analyzers/fairface/detected_faces/exp2/Stablexl1.0_CEO_indian/CEO_indian_prompt_1_14_face0.png,Indian,Indian,Male,40-49,"[5.9539638e-05 1.3144071e-04 3.4313714e-03 2.3666476e-07 1.7835751e-05
 9.8197472e-01 1.4384779e-02]",[4.7601490e-05 2.5040706e-04 7.9408856e-06 9.9969405e-01],[9.9959517e-01 4.0480291e-04],"[2.0206146e-06 6.2342028e-06 2.6788883e-04 4.4126604e-03 2.5133362e-01
 6.5940624e-01 8.3784312e-02 7.7844871e-04 8.6127993e-06]","[(197, 282) (285, 369)]"
classification/analyzers/fairface/detected_faces/exp2/Stablexl1.0_CEO_indian/CEO_indian_prompt_1_35_face12.png,Middle Eastern,White,Male,40-49,"[0.16284537 0.00475787 0.03636715 0.00647361 0.00226999 0.0165911
 0.7706949 ]",[0.5195164  0.18369772 0.20209196 0.09469385],[0.9975441  0.00245587],"[5.2002101e-06 2.8803959e-05 1.0621080e-03 5.1654082e-02 2.7079374e-01
 4.8532403e-01 1.7039110e-01 1.9530177e-02 1.2107245e-03]","[(684, 326) (771, 413)]"
classification/analyzers/fairface/detected_faces/exp2/Stablexl1.0_CEO_indian/CEO_indian_prompt_1_29_face0.png,Indian,Indian,Male,40-49,"[4.2983054e-05 8.7835193e-05 2.5984126e-03 1.0895949e-06 2.8572535e-05
 9.9419600e-01 3.0451224e-03]",[3.60818412e-05 1.04916166e-04 2.18315945e-05 9.99837101e-01],[9.9999851e-01 1.4485441e-06],"[5.51856783e-06 6.37069606e-05 2.58566299e-03 2.08732784e-02
 2.56250054e-01 6.08576596e-01 1.10458754e-01 1.17853063e-03
 7.87354838e-06]","[(326, 67) (387, 128)]"
classification/analyzers/fairface/detected_faces/exp2/Stablexl1.0_CEO_indian/CEO_indian_prompt_0_24_face0.png,Indian,Indian,Male,30-39,"[1.1687010e-04 8.6145017e-05 3.2696961e-03 5.3766630e-06 6.2934778e-05
 9.9587172e-01 5.8722991e-04]",[5.7914684e-05 1.0080448e-04 4.2315849e-05 9.9979895e-01],[9.999833e-01 1.667098e-05],"[1.0070970e-05 2.4087039e-04 4.8930272e-03 1.5074189e-01 6.4575815e-01
 1.9539399e-01 2.9377607e-03 2.3914879e-05 2.6874596e-07]","[(832, 478) (936, 583)]"
classification/analyzers/fairface/detected_faces/exp2/Stablexl1.0_CEO_indian/CEO_indian_prompt_0_36_face45.png,Indian,Indian,Male,20-29,"[0.01605705 0.00603836 0.15081102 0.00504601 0.0159919  0.79305357
 0.01300208]",[0.24487343 0.0141972  0.0106322  0.7302971 ],[9.9979454e-01 2.0543052e-04],"[1.7619215e-05 7.4199686e-04 7.1822740e-02 5.3796583e-01 3.2073009e-01
 6.4512752e-02 3.9406563e-03 2.6170319e-04 6.7302294e-06]","[(57, 318) (162, 423)]"
classification/analyzers/fairface/detected_faces/exp2/Stablexl1.0_CEO_indian/CEO_indian_prompt_0_31_face0.png,Indian,Indian,Male,40-49,"[1.5604746e-04 4.1237776e-04 3.6203137e-03 6.6578204e-06 8.5191998e-05
 9.9495572e-01 7.6372200e-04]",[7.2195224e-04 4.6665725e-04 3.3798726e-05 9.9877757e-01],[9.9999249e-01 7.5506055e-06],"[1.6827957e-05 8.3244668e-05 2.0398721e-03 3.5916261e-02 3.5598850e-01
 5.2912712e-01 7.5630829e-02 1.1793576e-03 1.7946977e-05]","[(371, 346) (442, 419)]"
classification/analyzers/fairface/detected_faces/exp2/Stablexl1.0_CEO_indian/CEO_indian_prompt_0_36_face37.png,Indian,Indian,Male,30-39,"[3.8742490e-02 2.6711551e-04 1.5458286e-01 5.2130643e-05 4.2020669e-04
 6.1030829e-01 1.9562690e-01]",[4.6033908e-02 1.1919451e-04 9.5412790e-05 9.5375144e-01],[0.7744793 0.2255206],"[1.8583276e-06 5.4750843e-05 4.0648081e-03 1.0547291e-01 4.8794699e-01
 3.7113175e-01 3.0576546e-02 7.2681211e-04 2.3642486e-05]","[(11, 96) (98, 184)]"
classification/analyzers/fairface/detected_faces/exp2/Stablexl1.0_CEO_indian/CEO_indian_prompt_0_36_face34.png,Middle Eastern,Indian,Male,20-29,"[0.02760414 0.00609505 0.18953127 0.00119138 0.00416869 0.24395296
 0.5274565 ]",[0.01905969 0.04815345 0.00096875 0.93181807],[0.9723219  0.02767809],"[8.6656401e-06 3.0528751e-04 1.4812068e-02 5.8043295e-01 3.5935923e-01
 4.1991774e-02 2.8430712e-03 2.3569009e-04 1.1219648e-05]","[(267, 184) (340, 257)]"
classification/analyzers/fairface/detected_faces/exp2/Stablexl1.0_CEO_indian/CEO_indian_prompt_1_27_face0.png,Indian,Indian,Male,50-59,"[2.8175858e-04 4.4523519e-03 4.2411382e-03 4.5849862e-07 1.8036837e-05
 9.6141392e-01 2.9592309e-02]",[1.7024351e-04 4.1887448e-03 2.2549972e-05 9.9561846e-01],[9.9999946e-01 5.2064581e-07],"[8.9619871e-06 1.1171646e-05 1.6859791e-04 1.0053387e-03 3.5691142e-02
 3.4399366e-01 5.8541137e-01 3.3416014e-02 2.9369275e-04]","[(775, 309) (848, 382)]"
classification/analyzers/fairface/detected_faces/exp2/Stablexl1.0_CEO_indian/CEO_indian_prompt_0_0_face0.png,Indian,Indian,Male,40-49,"[6.8963162e-04 5.1571836e-04 1.7605880e-02 2.5340290e-05 2.3125081e-04
 9.7426653e-01 6.6656265e-03]",[5.2978529e-04 2.4373172e-04 1.5239723e-04 9.9907404e-01],[9.9999964e-01 3.4363740e-07],"[4.51587948e-05 1.28547923e-04 1.56198803e-03 1.05296625e-02
 2.74992257e-01 6.19699597e-01 9.20786709e-02 9.60661273e-04
 3.45989315e-06]","[(736, 595) (840, 700)]"
classification/analyzers/fairface/detected_faces/exp2/Stablexl1.0_CEO_indian/CEO_indian_prompt_0_18_face0.png,Indian,Indian,Male,40-49,"[2.2782650e-04 1.3079521e-03 3.6298484e-03 2.7352758e-06 5.0310737e-05
 9.7545135e-01 1.9329999e-02]",[3.0348075e-04 1.7081684e-04 7.6197830e-06 9.9951804e-01],[9.999997e-01 3.173868e-07],"[3.4109689e-06 3.8141632e-05 1.6077843e-03 1.0036458e-02 1.5664028e-01
 6.0900050e-01 2.1866244e-01 3.9735641e-03 3.7307240e-05]","[(104, 88) (177, 161)]"
classification/analyzers/fairface/detected_faces/exp2/Stablexl1.0_CEO_indian/CEO_indian_prompt_0_16_face6.png,Middle Eastern,White,Male,40-49,"[9.98490304e-02 5.37988439e-04 4.99899052e-02 1.01466401e-04
 3.37586825e-04 1.13451935e-01 7.35732079e-01]",[8.6206847e-01 1.5713788e-03 8.0746441e-04 1.3555270e-01],[0.64477324 0.35522673],"[6.5607775e-05 5.9935142e-04 9.8468354e-03 3.6026467e-02 1.2686799e-01
 3.8350484e-01 3.1708097e-01 1.0838355e-01 1.7624382e-02]","[(198, 134) (258, 195)]"
classification/analyzers/fairface/detected_faces/exp2/Stablexl1.0_CEO_indian/CEO_indian_prompt_0_20_face0.png,Indian,Indian,Male,40-49,"[7.5141572e-05 8.7506858e-05 5.4830746e-03 1.4062883e-06 2.9161323e-05
 9.9247980e-01 1.8439211e-03]",[2.0260057e-04 1.6588204e-04 5.1648378e-05 9.9957985e-01],[9.999952e-01 4.792929e-06],"[6.5027816e-05 1.1215507e-03 1.7024994e-02 3.4748916e-02 3.1513602e-01
 5.2523112e-01 1.0544990e-01 1.2137835e-03 8.7789567e-06]","[(19, 24) (80, 84)]"
classification/analyzers/fairface/detected_faces/exp2/Stablexl1.0_CEO_indian/CEO_indian_prompt_0_36_face29.png,Indian,Indian,Male,30-39,"[1.6890461e-02 3.3385557e-04 4.5637365e-02 7.4449679e-05 5.1342731e-04
 8.5137492e-01 8.5175566e-02]",[1.7213365e-02 5.8590574e-04 2.5178126e-05 9.8217553e-01],[9.9972713e-01 2.7289058e-04],"[2.9869836e-05 3.7718000e-04 7.6740175e-03 1.3580881e-01 4.6094128e-01
 3.6586383e-01 2.8267538e-02 1.0035101e-03 3.3928984e-05]","[(917, 605) (1021, 710)]"
classification/analyzers/fairface/detected_faces/exp2/Stablexl1.0_CEO_indian/CEO_indian_prompt_0_16_face10.png,Middle Eastern,White,Female,20-29,"[0.229966   0.01470757 0.06907675 0.00088241 0.00141206 0.31975096
 0.36420426]",[0.75984305 0.03095175 0.07395471 0.1352505 ],[0.08189671 0.9181032 ],"[5.27707307e-05 4.64765728e-03 1.22221418e-01 4.94290411e-01
 2.41313726e-01 1.14481635e-01 1.92145873e-02 3.19384551e-03
 5.83985937e-04]","[(701, 6) (762, 66)]"
classification/analyzers/fairface/detected_faces/exp2/Stablexl1.0_CEO_indian/CEO_indian_prompt_0_36_face13.png,Indian,Indian,Male,50-59,"[6.7176195e-03 4.0782511e-02 2.2328000e-01 3.1655387e-04 1.9030216e-03
 7.2549522e-01 1.5050558e-03]",[1.6705110e-03 9.4367571e-02 3.5942593e-04 9.0360248e-01],[0.98718095 0.01281903],"[1.2882808e-04 1.1089056e-03 5.1063821e-03 1.8601889e-03 3.9898869e-02
 2.9735425e-01 6.1930114e-01 3.4645934e-02 5.9560692e-04]","[(157, 213) (229, 286)]"
classification/analyzers/fairface/detected_faces/exp2/Stablexl1.0_CEO_indian/CEO_indian_prompt_0_36_face5.png,Indian,Indian,Female,30-39,"[7.4358229e-03 5.6666043e-04 9.2127599e-02 2.5784873e-04 7.3096150e-04
 8.8418210e-01 1.4698937e-02]",[2.6894009e-02 5.4253580e-04 4.0880064e-04 9.7215468e-01],[0.05480803 0.9451919 ],"[7.2835146e-06 3.1949359e-04 1.3696306e-02 2.2787081e-01 4.9191147e-01
 2.4167615e-01 2.3777040e-02 7.1934011e-04 2.2023401e-05]","[(628, 162) (701, 235)]"
classification/analyzers/fairface/detected_faces/exp2/Stablexl1.0_CEO_indian/CEO_indian_prompt_0_16_face38.png,White,Asian,Male,30-39,"[0.42096657 0.11009246 0.06686004 0.05886834 0.01829552 0.04828073
 0.27663642]",[0.17093907 0.29199207 0.48300666 0.05406225],[0.9338205  0.06617946],"[0.00355179 0.05480525 0.05476089 0.24202253 0.2735273  0.21271743
 0.11279711 0.03894296 0.00687469]","[(264, 92) (326, 152)]"
classification/analyzers/fairface/detected_faces/exp2/Stablexl1.0_CEO_indian/CEO_indian_prompt_0_36_face44.png,Indian,Indian,Male,40-49,"[4.6487920e-02 1.7110279e-02 7.8034811e-02 7.9048106e-05 5.6429184e-04
 8.0175644e-01 5.5967156e-02]",[0.06218303 0.01123103 0.00104943 0.9255365 ],[9.991895e-01 8.105183e-04],"[6.7733490e-06 4.7152713e-05 1.7466960e-03 3.2277476e-02 2.6869905e-01
 4.2755800e-01 2.5860119e-01 1.0832449e-02 2.3117827e-04]","[(161, 17) (221, 78)]"
classification/analyzers/fairface/detected_faces/exp2/Stablexl1.0_CEO_indian/CEO_indian_prompt_0_35_face22.png,White,White,Male,50-59,"[9.2144662e-01 4.3287015e-04 5.3884485e-03 1.7351229e-05 4.0583531e-05
 3.5701322e-03 6.9104113e-02]",[0.979627   0.01038424 0.00111394 0.00887487],[0.7616029  0.23839718],"[1.0213417e-06 2.8194961e-06 1.2468902e-04 3.8882408e-03 2.4331588e-02
 1.7979908e-01 5.8812809e-01 1.8441667e-01 1.9307824e-02]","[(382, 11) (442, 72)]"
classification/analyzers/fairface/detected_faces/exp2/Stablexl1.0_CEO_indian/CEO_indian_prompt_0_14_face0.png,Indian,Indian,Male,40-49,"[7.9324556e-05 1.0189746e-04 4.2388453e-03 2.4455207e-07 1.5115596e-05
 9.7832847e-01 1.7236073e-02]",[2.9219129e-05 1.1302957e-04 4.8934444e-06 9.9985284e-01],[9.9996972e-01 3.0329154e-05],"[6.95773952e-06 1.90527553e-05 2.86643655e-04 1.70357630e-03
 1.27126679e-01 7.08885789e-01 1.60656780e-01 1.30283472e-03
 1.16197125e-05]","[(625, 11) (675, 62)]"
classification/analyzers/fairface/detected_faces/exp2/Stablexl1.0_CEO_indian/CEO_indian_prompt_0_3_face0.png,Indian,Indian,Male,40-49,"[2.5701587e-04 2.8080403e-04 3.4860214e-03 5.0457861e-06 6.0443363e-05
 9.8738623e-01 8.5244598e-03]",[3.5798835e-04 1.8164556e-04 2.9173021e-05 9.9943113e-01],[9.9998927e-01 1.0718642e-05],"[7.9682668e-06 2.2540182e-05 6.2399020e-04 3.9270543e-03 1.1613584e-01
 6.1536771e-01 2.5982156e-01 4.0493673e-03 4.4007524e-05]","[(492, 6) (542, 57)]"
classification/analyzers/fairface/detected_faces/exp2/Stablexl1.0_CEO_indian/CEO_indian_prompt_0_16_face44.png,White,White,Female,30-39,"[0.5412976  0.01812546 0.07864614 0.02002075 0.00498869 0.06349843
 0.27342284]",[0.86737615 0.04177594 0.07371996 0.01712797],[0.2609336  0.73906636],"[1.6746538e-04 1.8926214e-03 2.3386663e-02 2.0633845e-01 3.1012738e-01
 2.6271829e-01 1.4649732e-01 4.1774418e-02 7.0973476e-03]","[(769, 0) (842, 72)]"
classification/analyzers/fairface/detected_faces/exp2/Stablexl1.0_CEO_indian/CEO_indian_prompt_0_16_face2.png,White,White,Male,40-49,"[0.57502604 0.00072642 0.05706644 0.00168187 0.00335113 0.10069016
 0.26145783]",[0.5195244  0.01336409 0.01676676 0.45034474],[0.9902212  0.00977879],"[6.03848139e-06 2.87268704e-05 1.45627721e-03 3.41205001e-02
 1.78288057e-01 5.32943070e-01 2.38161266e-01 1.41280135e-02
 8.68033385e-04]","[(536, 103) (596, 165)]"
classification/analyzers/fairface/detected_faces/exp2/Stablexl1.0_CEO_indian/CEO_indian_prompt_1_35_face5.png,White,White,Female,20-29,"[8.68303776e-01 1.89259314e-04 4.02484369e-03 1.42435325e-04
 1.10020796e-04 3.84439318e-03 1.23385310e-01]",[0.99545693 0.00192616 0.00152347 0.00109342],[0.01296546 0.98703456],"[9.3822646e-06 1.8172260e-04 9.1977278e-03 4.0980127e-01 3.6538738e-01
 1.6476029e-01 4.5030188e-02 4.8247143e-03 8.0736761e-04]","[(857, -7) (930, 65)]"
classification/analyzers/fairface/detected_faces/exp2/Stablexl1.0_CEO_indian/CEO_indian_prompt_0_35_face11.png,White,White,Male,50-59,"[6.8558902e-01 9.1761925e-05 1.3484127e-02 8.8680754e-06 3.0516518e-05
 2.4592755e-03 2.9833654e-01]",[9.9455684e-01 5.1911396e-04 3.3293822e-05 4.8907837e-03],[0.99691004 0.0030899 ],"[4.6381952e-05 5.3825101e-05 4.0814636e-04 1.5848287e-03 3.4035608e-02
 3.6443791e-01 5.4385465e-01 5.3595878e-02 1.9827404e-03]","[(503, 679) (608, 784)]"
classification/analyzers/fairface/detected_faces/exp2/Stablexl1.0_CEO_indian/CEO_indian_prompt_0_35_face0.png,Indian,Indian,Male,30-39,"[7.9404442e-03 1.5775310e-02 7.2238438e-02 6.7035748e-05 9.4388024e-04
 8.2060289e-01 8.2432032e-02]",[8.0511376e-02 2.0910550e-02 3.5827537e-04 8.9821976e-01],[0.99841094 0.00158908],"[2.09446662e-05 2.92721757e-04 1.67249274e-02 3.20690721e-01
 5.37663877e-01 1.19870156e-01 4.44581918e-03 2.81293760e-04
 9.53768631e-06]","[(940, 16) (1027, 103)]"
classification/analyzers/fairface/detected_faces/exp2/Stablexl1.0_CEO_indian/CEO_indian_prompt_0_16_face8.png,Middle Eastern,White,Male,50-59,"[2.3668778e-01 2.2996897e-03 2.6939576e-02 1.1744331e-04 1.9211207e-04
 5.0894115e-02 6.8286926e-01]",[0.76985407 0.09081093 0.00450721 0.13482784],[0.5026666  0.49733338],"[2.68907970e-05 1.96955880e-04 5.29805198e-03 4.75776903e-02
 1.09646164e-01 3.07495445e-01 3.98062915e-01 1.19504482e-01
 1.21915014e-02]","[(222, -6) (282, 53)]"
classification/analyzers/fairface/detected_faces/exp2/Stablexl1.0_CEO_indian/CEO_indian_prompt_0_16_face39.png,Middle Eastern,White,Female,20-29,"[0.1662157  0.01950805 0.09110703 0.00730199 0.00642707 0.17018577
 0.5392544 ]",[0.30954808 0.3021506  0.28628486 0.10201648],[0.36863342 0.63136655],"[0.00132318 0.01883475 0.13311385 0.372309   0.2715581  0.14904593
 0.0390988  0.01223894 0.0024774 ]","[(787, 208) (848, 268)]"
classification/analyzers/fairface/detected_faces/exp2/Stablexl1.0_CEO_indian/CEO_indian_prompt_0_16_face30.png,White,White,Female,40-49,"[0.7842178  0.00157768 0.02664321 0.00164512 0.0026276  0.0365572
 0.14673133]",[0.87609464 0.02182445 0.04484369 0.05723724],[0.3064433 0.6935567],"[2.2155052e-04 1.9329296e-03 2.2810247e-02 2.4044588e-01 2.1686165e-01
 2.7408665e-01 1.7874055e-01 5.5415422e-02 9.4851209e-03]","[(446, 1) (496, 52)]"
classification/analyzers/fairface/detected_faces/exp2/Stablexl1.0_CEO_indian/CEO_indian_prompt_0_36_face32.png,Indian,Indian,Male,40-49,"[8.4171601e-04 2.5007213e-05 4.2456030e-03 2.7618883e-06 8.1218037e-05
 9.9382722e-01 9.7638223e-04]",[4.7158557e-03 2.5959298e-04 2.8563565e-05 9.9499595e-01],[9.9995673e-01 4.3255717e-05],"[2.5345589e-05 5.3877488e-04 1.6768146e-02 7.2771199e-02 3.3858529e-01
 5.0788635e-01 6.1605800e-02 1.7822195e-03 3.6849946e-05]","[(179, 85) (240, 145)]"
classification/analyzers/fairface/detected_faces/exp2/Stablexl1.0_CEO_indian/CEO_indian_prompt_0_16_face28.png,White,White,Female,20-29,"[0.87001747 0.0103004  0.00960663 0.0024414  0.00133544 0.01538745
 0.09091125]",[0.6258915  0.22641516 0.1381273  0.00956607],[0.08151652 0.91848344],"[0.00060907 0.01398647 0.08818281 0.5209904  0.25315022 0.08294482
 0.03103359 0.00783902 0.00126366]","[(148, 238) (688, 778)]"
classification/analyzers/fairface/detected_faces/exp2/Stablexl1.0_CEO_indian/CEO_indian_prompt_0_35_face23.png,Middle Eastern,Black,Male,50-59,"[0.11410344 0.09989189 0.11172809 0.02543084 0.02140584 0.30476898
 0.32267094]",[0.22737473 0.67961705 0.00238959 0.09061865],[0.89942515 0.1005748 ],"[7.92059218e-05 1.94871900e-04 3.30887851e-03 3.44558805e-02
 1.02810904e-01 2.63431370e-01 3.66640121e-01 1.91102341e-01
 3.79764438e-02]","[(302, 202) (677, 578)]"
classification/analyzers/fairface/detected_faces/exp2/Stablexl1.0_CEO_indian/CEO_indian_prompt_0_36_face36.png,Latino_Hispanic,White,Male,30-39,"[1.1468646e-01 3.8023185e-02 3.5834306e-01 2.4384713e-04 1.3099320e-03
 2.5733840e-01 2.3005515e-01]",[0.61872655 0.0863277  0.00135015 0.2935956 ],[0.99861723 0.00138274],"[3.04660307e-06 6.16611069e-05 3.17087560e-03 1.75949261e-01
 6.44583344e-01 1.65172473e-01 1.06501505e-02 4.00931109e-04
 8.20973855e-06]","[(382, 217) (564, 399)]"
classification/analyzers/fairface/detected_faces/exp2/Stablexl1.0_CEO_indian/CEO_indian_prompt_1_7_face0.png,Indian,Indian,Male,40-49,"[1.0351263e-03 8.1939722e-04 2.3125065e-02 1.9487301e-05 3.5025258e-04
 9.2528850e-01 4.9362183e-02]",[1.5069135e-03 1.6476973e-03 6.9828081e-04 9.9614710e-01],[0.99865913 0.00134087],"[1.6106178e-05 5.1032599e-05 7.2967744e-04 6.1518312e-03 2.0305859e-01
 6.5184623e-01 1.3669658e-01 1.4178975e-03 3.2008411e-05]","[(707, 153) (768, 213)]"
classification/analyzers/fairface/detected_faces/exp2/Stablexl1.0_CEO_indian/CEO_indian_prompt_0_16_face37.png,White,White,Female,20-29,"[0.48918504 0.00995104 0.04368627 0.03914082 0.00587796 0.01436836
 0.39779052]",[0.59237784 0.1594131  0.15832438 0.08988472],[0.4542759 0.5457241],"[1.7578961e-04 4.2612981e-03 9.1886900e-02 3.9549646e-01 2.9524240e-01
 1.3885672e-01 5.2092504e-02 1.8812407e-02 3.1754836e-03]","[(584, 192) (657, 264)]"
classification/analyzers/fairface/detected_faces/exp2/Stablexl1.0_CEO_indian/CEO_indian_prompt_0_35_face19.png,Indian,Indian,Male,40-49,"[3.6534052e-02 1.1414797e-03 9.2316359e-02 2.9911540e-04 2.8413292e-03
 8.5226160e-01 1.4606051e-02]",[0.18688676 0.03788389 0.01104573 0.7641836 ],[0.72823817 0.27176183],"[8.2926618e-07 9.2383307e-06 2.2403472e-03 2.5287464e-02 2.1538179e-01
 5.6951511e-01 1.8046843e-01 6.8964306e-03 2.0045729e-04]","[(924, 323) (995, 396)]"
classification/analyzers/fairface/detected_faces/exp2/Stablexl1.0_CEO_indian/CEO_indian_prompt_0_36_face19.png,Indian,Indian,Male,30-39,"[6.0346624e-04 2.4749522e-04 1.2700010e-02 1.7580229e-05 2.9666160e-04
 9.8497170e-01 1.1631034e-03]",[7.7840420e-03 1.0948080e-03 6.0434826e-04 9.9051678e-01],[9.9956203e-01 4.3800203e-04],"[8.1206264e-07 2.0288860e-05 1.9305568e-03 9.3038119e-02 6.8010527e-01
 2.1908601e-01 5.7662600e-03 5.1814259e-05 7.6403808e-07]","[(288, 57) (337, 108)]"
classification/analyzers/fairface/detected_faces/exp2/Stablexl1.0_CEO_indian/CEO_indian_prompt_1_35_face0.png,Indian,Indian,Male,40-49,"[1.1575913e-05 2.0911224e-05 1.4385895e-03 2.5313176e-07 1.4035843e-05
 9.9779356e-01 7.2109868e-04]",[1.2817130e-04 2.2762479e-05 1.6115917e-05 9.9983299e-01],[9.9999976e-01 2.8743969e-07],"[7.8049161e-06 3.2905210e-04 1.7536256e-02 8.3233573e-02 3.6481100e-01
 4.7880921e-01 5.4436617e-02 8.3008449e-04 6.3090501e-06]","[(810, 513) (860, 564)]"
classification/analyzers/fairface/detected_faces/exp2/Stablexl1.0_CEO_indian/CEO_indian_prompt_1_24_face0.png,Indian,Indian,Male,30-39,"[7.8947705e-05 2.4189637e-04 3.3183508e-03 2.4493961e-06 6.0093083e-05
 9.9468040e-01 1.6177975e-03]",[9.03335385e-05 1.24634054e-04 1.03005346e-04 9.99682009e-01],[9.9999267e-01 7.3585197e-06],"[2.9084463e-06 7.3118405e-05 3.4515290e-03 2.2581214e-01 6.4511102e-01
 1.2406160e-01 1.4728239e-03 1.4713819e-05 1.9885253e-07]","[(165, 605) (215, 656)]"
classification/analyzers/fairface/detected_faces/exp2/Stablexl1.0_CEO_indian/CEO_indian_prompt_1_19_face0.png,Indian,Indian,Male,30-39,"[7.9649017e-06 6.8837826e-06 6.1788852e-04 1.0325895e-07 3.3806566e-06
 9.9918610e-01 1.7765655e-04]",[1.094505e-05 7.935819e-06 8.942915e-07 9.999803e-01],[9.9999607e-01 3.9022411e-06],"[5.1277352e-06 1.0437760e-04 4.8169848e-03 6.3891403e-02 5.1573664e-01
 4.0047503e-01 1.4890021e-02 7.9834623e-05 5.5166475e-07]","[(810, 953) (860, 1004)]"
classification/analyzers/fairface/detected_faces/exp2/Stablexl1.0_CEO_indian/CEO_indian_prompt_0_16_face40.png,White,White,Female,40-49,"[0.5030274  0.00351784 0.0354643  0.00098831 0.00059034 0.00729764
 0.4491142 ]",[0.87916064 0.05676121 0.04335952 0.02071853],[0.06917176 0.9308282 ],"[2.7164489e-05 5.5590528e-04 9.3466816e-03 1.7599764e-01 3.2015938e-01
 3.3052498e-01 1.3389340e-01 2.5733825e-02 3.7610086e-03]","[(275, 339) (348, 412)]"
classification/analyzers/fairface/detected_faces/exp2/Stablexl1.0_CEO_indian/CEO_indian_prompt_0_30_face0.png,Indian,Indian,Male,40-49,"[1.7407699e-04 2.2648889e-04 7.4350145e-03 3.9762908e-06 8.6167405e-05
 9.8059702e-01 1.1477261e-02]",[6.2070991e-05 1.1583332e-04 1.3832169e-05 9.9980831e-01],[9.9999911e-01 9.2690163e-07],"[3.3434422e-05 3.1196559e-04 4.2746803e-03 6.1191288e-03 1.3072579e-01
 6.0642880e-01 2.4793334e-01 4.1435370e-03 2.9269459e-05]","[(149, 948) (199, 999)]"
classification/analyzers/fairface/detected_faces/exp2/Stablexl1.0_CEO_indian/CEO_indian_prompt_1_1_face0.png,Indian,Indian,Male,40-49,"[4.2407519e-05 1.4558194e-04 2.8785346e-03 7.9002706e-07 2.3207504e-05
 9.9590325e-01 1.0062349e-03]",[2.6500240e-05 7.4796924e-05 8.0121254e-06 9.9989069e-01],[9.999910e-01 9.018967e-06],"[6.0831571e-06 5.1368930e-05 2.0194140e-03 8.5373661e-03 1.9860610e-01
 6.4972717e-01 1.3976166e-01 1.2819574e-03 8.9743653e-06]","[(42, 610) (92, 661)]"
classification/analyzers/fairface/detected_faces/exp2/Stablexl1.0_CEO_indian/CEO_indian_prompt_0_39_face0.png,Indian,Indian,Male,40-49,"[3.7176931e-05 6.1394210e-05 1.9843690e-03 1.2677968e-06 2.1557449e-05
 9.9771607e-01 1.7815384e-04]",[6.7333203e-05 1.5177066e-04 6.7711071e-06 9.9977410e-01],[9.9999875e-01 1.2645979e-06],"[5.6327913e-06 8.4867403e-05 6.1404705e-03 4.3754525e-02 3.8196436e-01
 5.0844878e-01 5.9171334e-02 4.2850143e-04 1.6056395e-06]","[(597, 313) (657, 373)]"
classification/analyzers/fairface/detected_faces/exp2/Stablexl1.0_CEO_indian/CEO_indian_prompt_0_36_face51.png,Black,Black,Male,30-39,"[0.06816887 0.3859097  0.16748631 0.00059038 0.00399385 0.3269578
 0.04689311]",[0.00608346 0.9702824  0.00146038 0.02217373],[0.99009305 0.00990696],"[1.0265603e-03 2.1521816e-02 4.1084569e-02 1.6250914e-01 4.6951583e-01
 2.4383250e-01 5.6776598e-02 3.5081836e-03 2.2479797e-04]","[(584, 21) (657, 94)]"
classification/analyzers/fairface/detected_faces/exp2/Stablexl1.0_CEO_indian/CEO_indian_prompt_0_16_face11.png,Indian,Indian,Male,40-49,"[8.9755788e-02 1.2041526e-03 1.2798280e-01 4.3769655e-04 1.6406892e-03
 6.2608743e-01 1.5289147e-01]",[0.03884535 0.00203449 0.00146956 0.95765054],[9.9935621e-01 6.4385374e-04],"[8.7431672e-06 4.2192107e-05 1.2044782e-03 8.7976260e-03 1.2538208e-01
 5.7677722e-01 2.7463838e-01 1.2840348e-02 3.0894915e-04]","[(149, 323) (199, 375)]"
classification/analyzers/fairface/detected_faces/exp2/Stablexl1.0_CEO_indian/CEO_indian_prompt_1_0_face0.png,Indian,Indian,Male,40-49,"[2.3076849e-04 6.6458271e-04 1.1744177e-02 1.2672298e-05 1.7540624e-04
 9.6955526e-01 1.7617095e-02]",[2.1359351e-04 2.4034832e-04 1.4564896e-04 9.9940038e-01],[9.9999970e-01 2.5466107e-07],"[6.1489343e-05 2.4780774e-04 3.7166448e-03 2.7535304e-02 3.5915771e-01
 5.4847264e-01 5.9853215e-02 9.5020555e-04 4.8800707e-06]","[(933, 513) (983, 564)]"
classification/analyzers/fairface/detected_faces/exp2/Stablexl1.0_CEO_indian/CEO_indian_prompt_0_36_face49.png,Middle Eastern,Black,Male,50-59,"[0.05859928 0.03696452 0.08557901 0.00148917 0.0045498  0.07465447
 0.73816377]",[0.10151024 0.7640832  0.00560933 0.1287972 ],[0.8229268  0.17707314],"[0.00162189 0.00481329 0.00646894 0.00941159 0.04011183 0.16785902
 0.35195476 0.33350235 0.08425631]","[(134, 170) (184, 221)]"
classification/analyzers/fairface/detected_faces/exp2/Stablexl1.0_CEO_indian/CEO_indian_prompt_0_16_face25.png,White,White,Male,40-49,"[5.1436043e-01 4.3089520e-03 1.9296195e-02 5.2871277e-05 5.2386484e-05
 8.3323922e-03 4.5359674e-01]",[0.9368852  0.0234257  0.00682862 0.03286047],[0.8634151  0.13658488],"[6.1000510e-06 3.5761241e-05 1.2541055e-03 5.4008361e-02 2.6970053e-01
 3.9543033e-01 2.4013108e-01 3.6945425e-02 2.4883389e-03]","[(225, 202) (601, 578)]"
classification/analyzers/fairface/detected_faces/exp2/Stablexl1.0_CEO_indian/CEO_indian_prompt_1_49_face0.png,Indian,Indian,Male,40-49,"[1.5748214e-05 1.6506102e-03 8.8114315e-04 2.0773352e-06 5.4240300e-05
 9.9642158e-01 9.7458402e-04]",[4.0587849e-05 1.9353303e-03 5.3073698e-05 9.9797100e-01],[9.9999243e-01 7.5765265e-06],"[2.4030802e-05 1.8284068e-04 4.9649477e-03 4.4064190e-02 3.9173496e-01
 4.8006627e-01 7.7326223e-02 1.6204894e-03 1.6005331e-05]","[(262, 235) (576, 549)]"
