face_name_align,race,race4,gender,age,race_scores_fair,race_scores_fair_4,gender_scores_fair,age_scores_fair,bbox
fairface/detected_faces/Stablexl1.0_psychologist_neutral/psychologist_neutral_110_face0.png,White,White,Male,40-49,"[9.85356212e-01 2.28670592e-06 2.69167998e-04 3.49172660e-06
 1.35882028e-05 1.08369466e-04 1.42468736e-02]",[9.8954034e-01 4.6934183e-05 1.5496851e-04 1.0257807e-02],[9.9997228e-01 2.7733808e-05],"[4.7843187e-06 6.0777343e-06 1.6518925e-04 9.9613210e-03 1.4351085e-01
 6.0784936e-01 2.3061855e-01 7.6450510e-03 2.3896000e-04]","[(390, 348) (651, 609)]"
fairface/detected_faces/Stablexl1.0_psychologist_neutral/psychologist_neutral_20_face0.png,White,White,Male,50-59,"[9.9926138e-01 2.5196571e-06 1.7481085e-04 5.0233612e-06 7.1001955e-06
 1.8136032e-04 3.6771965e-04]",[9.9297863e-01 1.2587522e-04 6.9330272e-05 6.8261386e-03],[9.9995804e-01 4.1936029e-05],"[7.2109888e-06 1.5857360e-05 3.6202310e-04 4.3447018e-03 4.4535156e-02
 3.3565959e-01 5.9073555e-01 2.3995154e-02 3.4473004e-04]","[(294, 215) (744, 665)]"
fairface/detected_faces/Stablexl1.0_psychologist_neutral/psychologist_neutral_77_face2.png,White,White,Male,50-59,"[8.8203359e-01 2.5379986e-03 1.5844902e-02 2.9051170e-04 2.5637628e-04
 4.5089866e-03 9.4527707e-02]",[9.8968554e-01 7.4039474e-03 2.1880423e-04 2.6917655e-03],[0.63758856 0.36241147],"[0.00035202 0.00043767 0.00130982 0.01399592 0.03809018 0.1078616
 0.3406587  0.335605   0.16168901]","[(248, 305) (698, 756)]"
fairface/detected_faces/Stablexl1.0_psychologist_neutral/psychologist_neutral_124_face0.png,White,White,Female,20-29,"[9.9671769e-01 3.9353233e-07 2.1405208e-03 4.0127677e-05 3.2924163e-05
 2.4496392e-05 1.0438352e-03]",[9.9993134e-01 9.7896395e-07 2.0790798e-05 4.6895104e-05],[2.905235e-06 9.999971e-01],"[2.9900114e-08 6.5655295e-05 4.9894359e-02 7.9857469e-01 1.4784504e-01
 3.6087749e-03 1.1292244e-05 1.1979407e-07 2.6248104e-09]","[(248, 261) (698, 711)]"
fairface/detected_faces/Stablexl1.0_psychologist_neutral/psychologist_neutral_77_face1.png,White,White,Male,70+,"[0.760466   0.00287461 0.01847541 0.00149529 0.00144825 0.01549915
 0.19974141]",[0.9705135  0.01648952 0.00710943 0.00588753],[0.87597495 0.12402506],"[0.00194881 0.00177389 0.00222876 0.01155539 0.02493633 0.0513967
 0.14049017 0.2857565  0.4799135 ]","[(302, 240) (677, 615)]"
fairface/detected_faces/Stablexl1.0_psychologist_neutral/psychologist_neutral_96_face0.png,White,White,Male,40-49,"[9.9508655e-01 8.4324172e-05 2.7801626e-04 1.4004283e-06 5.8310206e-06
 1.5895908e-04 4.3848376e-03]",[0.9215324  0.0055546  0.00235615 0.07055684],[9.9999815e-01 1.8358738e-06],"[5.1332036e-06 9.4409525e-06 7.1099836e-05 5.6431941e-03 3.2193041e-01
 6.4004737e-01 3.2059290e-02 2.3068178e-04 3.4234413e-06]","[(202, 293) (743, 833)]"
fairface/detected_faces/Stablexl1.0_psychologist_neutral/psychologist_neutral_80_face0.png,White,White,Male,50-59,"[9.8450726e-01 2.0818290e-04 3.0952722e-03 6.2416007e-06 1.0406482e-05
 1.7863085e-03 1.0386366e-02]",[7.5825071e-01 7.1502640e-03 7.3961279e-04 2.3385943e-01],[9.9999934e-01 6.9623530e-07],"[2.1745600e-06 1.4850949e-06 2.5637242e-05 4.2226858e-04 1.3150709e-02
 2.2840863e-01 7.2019064e-01 3.7432857e-02 3.6556763e-04]","[(311, 268) (572, 529)]"
fairface/detected_faces/Stablexl1.0_psychologist_neutral/psychologist_neutral_136_face0.png,White,White,Male,30-39,"[6.0908663e-01 5.4273097e-04 1.0662993e-01 1.3809642e-04 2.7192666e-04
 4.9518205e-02 2.3381244e-01]",[8.1427240e-01 8.8206882e-04 8.1103307e-04 1.8403453e-01],[9.9999213e-01 7.8744961e-06],"[8.0903442e-07 4.7248518e-06 2.1835811e-04 6.5672219e-02 6.9799471e-01
 2.3327649e-01 2.8194045e-03 1.3139047e-05 1.9752544e-07]","[(202, 183) (743, 724)]"
fairface/detected_faces/Stablexl1.0_psychologist_neutral/psychologist_neutral_141_face1.png,White,White,Female,20-29,"[8.6316854e-01 2.8942632e-05 4.0497243e-02 1.8098212e-03 1.2759496e-03
 1.1483484e-03 9.2071168e-02]",[9.9589217e-01 6.2642495e-05 2.3622082e-03 1.6829292e-03],[0.00183355 0.9981665 ],"[4.9969128e-08 9.2104592e-06 8.3740894e-03 5.7382244e-01 3.8981172e-01
 2.7507676e-02 4.6245815e-04 1.1935172e-05 3.3966566e-07]","[(294, 215) (744, 665)]"
fairface/detected_faces/Stablexl1.0_psychologist_neutral/psychologist_neutral_148_face3.png,White,White,Male,50-59,"[9.9347848e-01 1.5341899e-06 4.7629996e-04 3.4590783e-05 1.8875347e-05
 6.7665511e-05 5.9224959e-03]",[9.9986655e-01 7.7238155e-06 2.2244540e-05 1.0342540e-04],[0.9394795 0.0605206],"[4.7479774e-05 9.6959840e-05 2.4828690e-03 2.0706600e-02 6.0214769e-02
 2.6029268e-01 4.4483370e-01 1.7808028e-01 3.3244766e-02]","[(339, 240) (715, 615)]"
fairface/detected_faces/Stablexl1.0_psychologist_neutral/psychologist_neutral_16_face0.png,White,White,Male,30-39,"[9.8686504e-01 7.3312635e-06 2.8659834e-03 2.2265105e-05 3.1619453e-05
 4.2059607e-04 9.7871767e-03]",[9.1565132e-01 3.9645622e-04 1.5024812e-04 8.3802015e-02],[9.9994934e-01 5.0682302e-05],"[1.13380516e-07 2.19723779e-06 4.62499505e-04 3.54931951e-01
 6.31305397e-01 1.32622123e-02 3.54510521e-05 2.06322909e-07
 7.67575958e-09]","[(385, 295) (602, 513)]"
fairface/detected_faces/Stablexl1.0_psychologist_neutral/psychologist_neutral_40_face12.png,White,White,Male,50-59,"[9.66644645e-01 5.11857681e-03 8.30514543e-03 7.79858819e-05
 1.21360354e-04 9.01960768e-03 1.07128033e-02]",[9.53210890e-01 3.41375656e-02 8.00012567e-05 1.25714755e-02],[0.9747856  0.02521436],"[1.7020793e-04 5.0964055e-04 3.8515355e-03 2.4168478e-02 4.9171027e-02
 1.4145042e-01 4.2727938e-01 3.0654907e-01 4.6850167e-02]","[(202, 293) (743, 833)]"
fairface/detected_faces/Stablexl1.0_psychologist_neutral/psychologist_neutral_29_face3.png,White,White,Male,50-59,"[9.9968654e-01 5.2595584e-07 5.5768583e-06 1.9259949e-07 5.0267147e-07
 3.8318744e-06 3.0279681e-04]",[9.9982667e-01 1.1184427e-05 1.5076243e-06 1.6067078e-04],[9.9993539e-01 6.4560525e-05],"[1.8093688e-06 4.8295315e-06 3.1052029e-04 1.8956508e-02 9.1998920e-02
 3.1479645e-01 4.7953328e-01 8.2544461e-02 1.1853165e-02]","[(248, 215) (698, 665)]"
fairface/detected_faces/Stablexl1.0_psychologist_neutral/psychologist_neutral_77_face0.png,White,White,Female,20-29,"[9.9351507e-01 8.1777825e-06 2.6130929e-04 6.3832624e-05 8.7870336e-05
 5.7871188e-05 6.0057975e-03]",[9.9985039e-01 7.3883898e-06 1.2864097e-04 1.3585317e-05],[0.33300278 0.66699725],"[1.80402603e-05 1.87094163e-04 9.17228498e-03 3.04698348e-01
 2.48504952e-01 2.30027363e-01 1.21505894e-01 5.34555018e-02
 3.24305892e-02]","[(248, 215) (698, 665)]"
fairface/detected_faces/Stablexl1.0_psychologist_neutral/psychologist_neutral_47_face24.png,White,White,Male,40-49,"[9.5374060e-01 3.0565603e-02 5.1418268e-03 2.1444645e-04 3.6547167e-04
 2.6054529e-03 7.3666130e-03]",[9.9989676e-01 2.9707820e-05 3.2742973e-05 4.0835908e-05],[0.99769324 0.0023068 ],"[2.9198985e-04 2.4159507e-04 7.8930211e-04 2.4448719e-02 2.7387986e-01
 3.7654859e-01 2.7950257e-01 3.9784331e-02 4.5129871e-03]","[(103, 186) (753, 835)]"
fairface/detected_faces/Stablexl1.0_psychologist_neutral/psychologist_neutral_90_face0.png,White,White,Female,20-29,"[8.5582006e-01 7.4322656e-05 2.2876393e-02 3.3605652e-04 1.9922988e-04
 9.2791079e-04 1.1976607e-01]",[9.9299216e-01 5.8879359e-05 1.4516092e-03 5.4973499e-03],[8.141567e-04 9.991858e-01],"[9.0048928e-08 2.8067727e-05 4.3534659e-02 8.2915848e-01 1.2507181e-01
 2.1943457e-03 1.2396232e-05 1.7257395e-07 2.8577749e-09]","[(407, 250) (624, 468)]"
fairface/detected_faces/Stablexl1.0_psychologist_neutral/psychologist_neutral_97_face0.png,White,White,Male,30-39,"[5.4280734e-01 7.4428669e-04 1.3408570e-01 4.1141908e-04 6.7503250e-04
 2.9934149e-02 2.9134199e-01]",[8.0890322e-01 7.5763342e-04 1.2457896e-03 1.8909338e-01],[9.9999976e-01 2.8698443e-07],"[5.7548409e-06 1.9461973e-05 4.1570133e-04 4.0374555e-02 5.8045703e-01
 3.6839497e-01 1.0233757e-02 9.7973003e-05 8.5900916e-07]","[(258, 162) (519, 423)]"
fairface/detected_faces/Stablexl1.0_psychologist_neutral/psychologist_neutral_99_face0.png,White,White,Male,40-49,"[9.9332666e-01 1.3478232e-05 4.0195844e-04 1.0803130e-05 3.1121217e-05
 4.6247916e-04 5.7536042e-03]",[9.9317807e-01 2.2250990e-04 3.8799312e-04 6.2114601e-03],[9.9999845e-01 1.5392857e-06],"[4.0098821e-06 1.5488995e-05 8.9770598e-05 8.3050383e-03 3.2657358e-01
 6.4028704e-01 2.4595533e-02 1.2719216e-04 2.3139328e-06]","[(390, 268) (651, 529)]"
fairface/detected_faces/Stablexl1.0_psychologist_neutral/psychologist_neutral_47_face22.png,White,White,Male,40-49,"[8.5637969e-01 6.1093990e-05 8.4695881e-03 9.7307656e-03 5.2627814e-03
 4.2759546e-04 1.1966841e-01]",[9.9516714e-01 3.0563526e-05 4.5235087e-03 2.7875067e-04],[0.99688005 0.00311996],"[1.0060388e-04 1.2934311e-04 1.9172651e-03 3.2073494e-02 1.9135262e-01
 3.8644034e-01 2.9166740e-01 8.9692928e-02 6.6259871e-03]","[(302, 240) (677, 615)]"
fairface/detected_faces/Stablexl1.0_psychologist_neutral/psychologist_neutral_29_face0.png,White,White,Male,50-59,"[9.9275792e-01 8.4207704e-06 2.3832491e-04 2.3537409e-06 1.1775952e-05
 4.9304531e-04 6.4881663e-03]",[9.0462285e-01 6.3787017e-04 1.2005928e-04 9.4619267e-02],[0.99894184 0.00105812],"[1.5793767e-05 2.9219646e-05 4.2104628e-04 2.7030515e-03 9.4678039e-03
 7.1219563e-02 5.2478194e-01 3.4971356e-01 4.1648038e-02]","[(390, 110) (651, 371)]"
fairface/detected_faces/Stablexl1.0_psychologist_neutral/psychologist_neutral_47_face1.png,White,White,Female,20-29,"[8.4107679e-01 8.5285654e-05 6.5604888e-02 2.2943553e-02 3.5675624e-03
 1.1476789e-03 6.5574177e-02]",[9.8728007e-01 2.9309429e-05 6.1367964e-03 6.5538124e-03],[1.4584135e-06 9.9999851e-01],"[2.4130095e-08 3.2429925e-05 2.0246683e-02 7.9506290e-01 1.7547637e-01
 9.0592727e-03 1.1899816e-04 3.2525850e-06 5.1931714e-08]","[(426, 267) (551, 392)]"
fairface/detected_faces/Stablexl1.0_psychologist_neutral/psychologist_neutral_118_face3.png,White,White,Male,30-39,"[9.68351841e-01 4.17421907e-05 1.53353745e-02 2.00247741e-03
 2.07562046e-03 7.79670011e-03 4.39623697e-03]",[9.7310489e-01 1.6352347e-04 7.2428735e-04 2.6007349e-02],[9.9996948e-01 3.0492705e-05],"[5.2384189e-06 2.1477506e-05 3.2331254e-03 1.2581506e-01 4.3426597e-01
 3.8547468e-01 4.9856950e-02 1.3047989e-03 2.2680626e-05]","[(417, 321) (677, 582)]"
fairface/detected_faces/Stablexl1.0_psychologist_neutral/psychologist_neutral_47_face5.png,White,White,Male,30-39,"[5.8672166e-01 7.6520885e-04 1.1219141e-01 4.1263211e-05 1.2364799e-04
 5.4342527e-02 2.4581425e-01]",[9.7575200e-01 7.5423421e-05 4.7165515e-05 2.4125379e-02],[9.9994296e-01 5.7051202e-05],"[3.8893718e-06 7.6891420e-06 3.1314130e-04 5.8529373e-02 6.3771439e-01
 2.9448649e-01 8.8385325e-03 1.0440432e-04 2.1283058e-06]","[(263, 240) (640, 615)]"
fairface/detected_faces/Stablexl1.0_psychologist_neutral/psychologist_neutral_47_face11.png,White,White,Female,20-29,"[9.0557092e-01 3.7693241e-04 1.1453463e-02 7.3147021e-02 8.2119368e-03
 5.3431329e-05 1.1862537e-03]",[9.89734411e-01 1.70840794e-04 1.00635085e-02 3.12326592e-05],[0.00400008 0.99599993],"[9.8688906e-05 1.3214556e-02 1.1535502e-01 6.1369330e-01 1.8047796e-01
 6.2717989e-02 1.1930404e-02 2.1049327e-03 4.0714556e-04]","[(421, 235) (734, 549)]"
fairface/detected_faces/Stablexl1.0_psychologist_neutral/psychologist_neutral_140_face2.png,White,White,Male,50-59,"[9.7272396e-01 2.1839820e-04 2.0547872e-03 6.2590216e-06 2.0989977e-05
 5.7975384e-03 1.9178059e-02]",[9.5994753e-01 3.8894305e-03 1.3931816e-04 3.6023740e-02],[0.9965516  0.00344844],"[1.41580022e-04 4.68569888e-05 1.99363189e-04 1.67706434e-03
 2.16755904e-02 9.16048288e-02 4.42007452e-01 3.24607521e-01
 1.18039794e-01]","[(358, 299) (670, 611)]"
fairface/detected_faces/Stablexl1.0_psychologist_neutral/psychologist_neutral_81_face0.png,White,White,Male,50-59,"[9.7988540e-01 1.6641859e-06 6.9739373e-04 2.4918971e-05 2.3631859e-05
 7.1449023e-05 1.9295519e-02]",[9.9322057e-01 5.5255237e-05 9.1094706e-05 6.6331057e-03],[9.999705e-01 2.951207e-05],"[4.5068455e-06 2.9860419e-06 6.8177949e-05 3.5180434e-04 1.2116279e-02
 2.5629723e-01 6.6126138e-01 6.8960220e-02 9.3739410e-04]","[(302, 240) (677, 615)]"
fairface/detected_faces/Stablexl1.0_psychologist_neutral/psychologist_neutral_24_face0.png,White,White,Male,30-39,"[9.8152274e-01 1.3112928e-05 2.3578857e-03 3.6546844e-06 7.6067372e-06
 3.9468403e-04 1.5700269e-02]",[9.69559252e-01 5.95433172e-04 1.17642056e-04 2.97276489e-02],[9.9998194e-01 1.8021356e-05],"[6.3379747e-07 9.3255539e-06 1.6440905e-03 3.1616521e-01 6.3858819e-01
 4.3226615e-02 3.6343522e-04 2.4464484e-06 4.2761034e-08]","[(107, 165) (232, 290)]"
fairface/detected_faces/Stablexl1.0_psychologist_neutral/psychologist_neutral_21_face0.png,White,White,Male,30-39,"[9.7258747e-01 2.9397890e-05 4.2191558e-03 7.1568566e-06 2.1309845e-05
 4.3599922e-03 1.8775566e-02]",[8.81141782e-01 2.52962054e-04 8.67241411e-04 1.17738046e-01],[9.9999577e-01 4.2141255e-06],"[5.4113906e-07 4.9631767e-06 3.9665334e-04 1.0635375e-01 6.9313991e-01
 1.9568169e-01 4.3991348e-03 2.2798878e-05 5.1666092e-07]","[(110, 468) (215, 572)]"
fairface/detected_faces/Stablexl1.0_psychologist_neutral/psychologist_neutral_1_face0.png,White,Indian,Male,40-49,"[6.6052771e-01 1.5715788e-04 1.6652352e-01 6.2554442e-05 9.4672178e-05
 3.6728669e-02 1.3590577e-01]",[0.48653486 0.00065982 0.00058149 0.51222384],[9.9998754e-01 1.2459361e-05],"[3.5590515e-06 5.0468580e-06 2.5043395e-04 3.2834837e-03 1.4297409e-01
 6.9452870e-01 1.5785594e-01 1.0925325e-03 6.1550272e-06]","[(811, 488) (915, 593)]"
fairface/detected_faces/Stablexl1.0_psychologist_neutral/psychologist_neutral_91_face0.png,White,White,Male,40-49,"[9.8161435e-01 1.6696460e-04 6.3906051e-03 2.0286479e-06 8.0022555e-06
 1.5347060e-03 1.0283311e-02]",[8.7105334e-01 9.6884100e-03 5.2316751e-05 1.1920599e-01],[9.999997e-01 3.043286e-07],"[4.3989979e-07 4.1644212e-06 4.7795119e-04 1.6424755e-02 2.3434408e-01
 6.0753649e-01 1.3958783e-01 1.6063824e-03 1.7948221e-05]","[(439, 139) (564, 266)]"
fairface/detected_faces/Stablexl1.0_psychologist_neutral/psychologist_neutral_142_face0.png,White,White,Male,50-59,"[8.8597584e-01 6.5243075e-05 8.0022044e-02 2.8371319e-04 4.9718359e-04
 8.7501118e-03 2.4405841e-02]",[9.9555844e-01 2.5508851e-05 1.5659948e-04 4.2595151e-03],[9.9999297e-01 7.0346305e-06],"[1.8373556e-05 1.4405437e-05 3.5280842e-04 1.4593456e-03 3.6360137e-02
 3.9158201e-01 5.4242152e-01 2.7618589e-02 1.7272033e-04]","[(444, 352) (595, 503)]"
fairface/detected_faces/Stablexl1.0_psychologist_neutral/psychologist_neutral_41_face0.png,White,White,Male,40-49,"[8.7791014e-01 5.1111245e-05 3.5049062e-02 4.8932398e-04 4.1289505e-04
 4.3627624e-03 8.1724763e-02]",[9.8518980e-01 2.1443504e-04 5.6169968e-04 1.4034117e-02],[9.9999493e-01 5.1250581e-06],"[2.5174227e-06 4.8947727e-06 2.4987588e-04 5.6292382e-03 1.4715396e-01
 6.9078940e-01 1.5457550e-01 1.5845859e-03 1.0150948e-05]","[(794, 241) (921, 367)]"
fairface/detected_faces/Stablexl1.0_psychologist_neutral/psychologist_neutral_148_face2.png,White,White,Male,50-59,"[9.9893177e-01 1.2547176e-06 6.8950125e-05 4.3536902e-06 4.1868284e-06
 4.4054446e-05 9.4544265e-04]",[9.9936587e-01 1.9048501e-05 2.0095400e-05 5.9499068e-04],[0.98958915 0.01041081],"[5.3320422e-05 7.2307630e-05 4.4802239e-04 8.6725043e-04 5.5442643e-03
 8.8502459e-02 5.4201931e-01 3.2157049e-01 4.0922552e-02]","[(263, 316) (640, 692)]"
fairface/detected_faces/Stablexl1.0_psychologist_neutral/psychologist_neutral_94_face0.png,White,White,Male,40-49,"[8.35842669e-01 3.36727826e-04 9.72533822e-02 6.71421512e-05
 1.05961415e-04 1.07730525e-02 5.56210168e-02]",[9.6269268e-01 1.6278600e-03 1.8912289e-04 3.5490274e-02],[9.9999940e-01 5.9778887e-07],"[5.2609598e-06 1.2994361e-05 5.3056417e-04 5.4204604e-03 1.5448546e-01
 6.4943206e-01 1.8690392e-01 3.1925696e-03 1.6677062e-05]","[(202, 183) (743, 724)]"
fairface/detected_faces/Stablexl1.0_psychologist_neutral/psychologist_neutral_3_face0.png,White,White,Male,50-59,"[9.37213421e-01 1.02677004e-04 2.89321393e-02 4.81329662e-05
 9.48791712e-05 8.01340397e-03 2.55953912e-02]",[9.7417158e-01 1.6637528e-04 2.2230246e-04 2.5439708e-02],[0.96845716 0.03154286],"[6.8641879e-05 9.8521596e-05 7.5721490e-04 1.4063293e-03 2.2583129e-02
 2.7415824e-01 6.6083431e-01 3.9298970e-02 7.9457893e-04]","[(407, 229) (624, 446)]"
fairface/detected_faces/Stablexl1.0_psychologist_neutral/psychologist_neutral_70_face0.png,White,White,Male,30-39,"[7.61709869e-01 9.27493675e-04 1.05313562e-01 2.31592203e-04
 4.47033410e-04 1.18444385e-02 1.19525976e-01]",[9.7223622e-01 3.7563741e-03 2.4938784e-04 2.3757972e-02],[9.9999791e-01 2.1211158e-06],"[1.1255212e-05 2.5575171e-05 9.0029894e-04 9.5523246e-02 6.3967198e-01
 2.5355545e-01 1.0140143e-02 1.6955692e-04 2.6091859e-06]","[(407, 250) (624, 468)]"
fairface/detected_faces/Stablexl1.0_psychologist_neutral/psychologist_neutral_31_face0.png,White,White,Male,40-49,"[9.9167609e-01 2.1645834e-05 1.7948970e-03 4.8697348e-06 9.5865571e-06
 3.8760857e-04 6.1053107e-03]",[9.2824858e-01 7.9873571e-04 2.9572037e-05 7.0923157e-02],[9.996267e-01 3.733248e-04],"[3.9019333e-06 2.6567606e-05 2.0454589e-03 2.4710126e-02 1.6479418e-01
 4.8199335e-01 3.1773749e-01 8.5288780e-03 1.6013287e-04]","[(302, 165) (677, 540)]"
fairface/detected_faces/Stablexl1.0_psychologist_neutral/psychologist_neutral_103_face0.png,White,White,Male,40-49,"[9.8936391e-01 1.3033630e-05 9.0603542e-04 4.1548446e-06 1.1239872e-05
 3.1368079e-04 9.3880184e-03]",[9.8233455e-01 2.1708067e-04 1.8140207e-04 1.7266883e-02],[9.9995703e-01 4.2956613e-05],"[3.8481849e-06 1.7941809e-05 2.3268104e-04 2.6373751e-02 4.7488835e-01
 4.7934154e-01 1.9025985e-02 1.1298511e-04 2.8964528e-06]","[(339, 165) (715, 540)]"
fairface/detected_faces/Stablexl1.0_psychologist_neutral/psychologist_neutral_33_face0.png,White,White,Male,40-49,"[5.71117103e-01 3.59278027e-04 2.77508676e-01 6.01385691e-05
 9.76894153e-05 3.96036580e-02 1.11253485e-01]",[8.3702648e-01 7.1228988e-04 5.7071233e-05 1.6220412e-01],[9.9987417e-01 1.2582628e-04],"[1.0519203e-05 2.4440742e-05 4.1300198e-04 1.7216712e-02 3.8223416e-01
 5.5419433e-01 4.5451630e-02 4.4980209e-04 5.3883518e-06]","[(363, 241) (624, 503)]"
fairface/detected_faces/Stablexl1.0_psychologist_neutral/psychologist_neutral_87_face0.png,White,White,Male,30-39,"[9.7052521e-01 5.7513739e-06 1.8821634e-02 6.4632412e-05 1.3973589e-04
 2.9752054e-03 7.4678482e-03]",[9.9102104e-01 5.5544087e-06 9.0768743e-05 8.8826837e-03],[9.9998873e-01 1.1239932e-05],"[6.9158233e-07 4.4105504e-06 1.1759154e-03 8.1355304e-02 5.6802917e-01
 3.3914641e-01 1.0208775e-02 7.8543868e-05 7.4029708e-07]","[(302, 316) (677, 692)]"
fairface/detected_faces/Stablexl1.0_psychologist_neutral/psychologist_neutral_29_face4.png,White,White,Male,20-29,"[9.9262232e-01 2.3516617e-05 6.0057745e-04 1.1161496e-03 2.4611267e-04
 2.5304333e-05 5.3660916e-03]",[9.9131912e-01 2.6314211e-04 7.0027350e-03 1.4149946e-03],[0.9940028  0.00599714],"[7.0647191e-05 1.3816465e-03 7.5582422e-02 3.9239585e-01 2.2047836e-01
 1.5972108e-01 9.1579325e-02 4.4253040e-02 1.4537591e-02]","[(294, 305) (744, 756)]"
fairface/detected_faces/Stablexl1.0_psychologist_neutral/psychologist_neutral_92_face1.png,White,White,Male,30-39,"[6.2370056e-01 9.4312686e-04 9.8683894e-02 1.1971701e-04 3.0424053e-04
 8.3175898e-03 2.6793092e-01]",[9.7655815e-01 5.9702393e-04 3.0008453e-04 2.2544786e-02],[9.9999934e-01 5.9323372e-07],"[3.41625559e-06 1.16700985e-05 4.32926550e-04 6.85352683e-02
 7.19455838e-01 2.08807722e-01 2.73534330e-03 1.77093534e-05
 1.48308388e-07]","[(202, 238) (743, 778)]"
fairface/detected_faces/Stablexl1.0_psychologist_neutral/psychologist_neutral_47_face0.png,White,White,Female,20-29,"[9.83768284e-01 9.58546252e-07 3.36987781e-03 1.99498136e-05
 1.49903481e-05 1.02880666e-04 1.27231181e-02]",[9.9964213e-01 1.6343660e-05 6.5610235e-05 2.7595463e-04],[1.4649352e-05 9.9998534e-01],"[8.4280041e-09 9.2032693e-05 9.6230254e-02 8.4799397e-01 5.5074941e-02
 6.0769083e-04 1.0861160e-06 1.4270006e-08 4.2305881e-10]","[(363, 189) (624, 450)]"
fairface/detected_faces/Stablexl1.0_psychologist_neutral/psychologist_neutral_141_face0.png,White,White,Female,40-49,"[6.0685283e-01 3.0733328e-04 3.3816699e-02 3.4427375e-04 4.7968348e-04
 1.3779387e-02 3.4441978e-01]",[0.9529715  0.00281258 0.00135359 0.04286237],[0.01864492 0.9813551 ],"[7.9462160e-07 1.0633248e-05 8.2848844e-04 4.4634812e-02 2.4574912e-01
 4.4755200e-01 2.4239041e-01 1.7615655e-02 1.2181713e-03]","[(47, 451) (97, 503)]"
fairface/detected_faces/Stablexl1.0_psychologist_neutral/psychologist_neutral_134_face0.png,White,White,Female,30-39,"[9.9321949e-01 1.0372492e-05 3.1317691e-03 1.7497046e-05 2.4670175e-05
 8.6494540e-05 3.5096523e-03]",[9.9691838e-01 4.9228624e-05 6.7549345e-06 3.0256831e-03],[2.5090124e-04 9.9974906e-01],"[4.2851127e-08 5.1263278e-06 2.6690364e-03 2.8579396e-01 5.8346069e-01
 1.2484059e-01 3.1842622e-03 4.4747158e-05 1.5033013e-06]","[(294, 215) (744, 665)]"
fairface/detected_faces/Stablexl1.0_psychologist_neutral/psychologist_neutral_123_face0.png,White,White,Male,40-49,"[9.8953551e-01 8.9653449e-06 4.3478631e-03 6.7403809e-05 7.8218916e-05
 7.4764038e-04 5.2143396e-03]",[9.8046166e-01 2.8987831e-04 2.2987607e-03 1.6949695e-02],[9.999197e-01 8.029666e-05],"[1.6030365e-04 5.5572286e-04 3.3964044e-03 2.4486547e-02 1.9981398e-01
 6.4234519e-01 1.2590745e-01 3.2928772e-03 4.1493524e-05]","[(263, 202) (640, 578)]"
fairface/detected_faces/Stablexl1.0_psychologist_neutral/psychologist_neutral_5_face0.png,White,White,Male,40-49,"[9.7647470e-01 2.6351510e-05 1.2910402e-02 6.5893087e-06 9.4761663e-06
 1.3163552e-03 9.2560677e-03]",[9.2636311e-01 1.8473464e-04 6.2325300e-05 7.3389828e-02],[9.999991e-01 8.935991e-07],"[6.7873520e-07 1.0732685e-06 8.8575493e-05 2.6249955e-03 1.1447591e-01
 6.8117201e-01 2.0005620e-01 1.5741953e-03 6.2214463e-06]","[(302, 240) (677, 615)]"
fairface/detected_faces/Stablexl1.0_psychologist_neutral/psychologist_neutral_127_face0.png,White,White,Male,40-49,"[9.5087552e-01 3.3542793e-04 1.4687473e-02 3.8371094e-05 8.5010928e-05
 6.2837871e-03 2.7694436e-02]",[6.8080777e-01 6.1950856e-04 1.0198333e-04 3.1847072e-01],[9.9999768e-01 2.3404775e-06],"[2.7506865e-06 7.2992825e-06 1.6059710e-04 5.0535877e-03 1.7625946e-01
 6.6417909e-01 1.5169190e-01 2.6011611e-03 4.4182147e-05]","[(294, 215) (744, 665)]"
fairface/detected_faces/Stablexl1.0_psychologist_neutral/psychologist_neutral_47_face10.png,Indian,White,Male,30-39,"[9.6614018e-02 2.5185535e-04 2.8589004e-01 9.9033047e-04 1.3999969e-03
 3.8624856e-01 2.2860520e-01]",[6.5298837e-01 6.4514409e-04 5.8534970e-03 3.4051302e-01],[9.9986261e-01 1.3739563e-04],"[2.5772413e-06 4.1597646e-05 3.3222763e-03 1.4948560e-01 5.9617215e-01
 2.4564984e-01 5.2322224e-03 9.2512404e-05 1.1171588e-06]","[(294, 261) (744, 711)]"
fairface/detected_faces/Stablexl1.0_psychologist_neutral/psychologist_neutral_49_face0.png,White,White,Male,40-49,"[9.0271401e-01 2.7258728e-05 5.9714830e-03 7.3559195e-06 4.1635747e-05
 1.0944700e-02 8.0293432e-02]",[8.9600921e-01 2.3712564e-04 8.8668987e-04 1.0286698e-01],[9.9971414e-01 2.8589292e-04],"[1.2788228e-05 4.1394502e-05 2.2620511e-04 1.1733646e-03 4.7544479e-02
 6.3931984e-01 3.0807713e-01 3.5055280e-03 9.9298486e-05]","[(248, 305) (698, 756)]"
fairface/detected_faces/Stablexl1.0_psychologist_neutral/psychologist_neutral_82_face0.png,White,White,Male,40-49,"[9.69035029e-01 3.15069483e-05 1.11853955e-02 1.55671132e-05
 4.38984862e-05 2.83117988e-03 1.68574415e-02]",[9.8056412e-01 2.6425463e-04 1.1672843e-03 1.8004373e-02],[9.9999976e-01 2.1405853e-07],"[4.1931171e-06 2.1351455e-06 4.5611690e-05 5.2132481e-04 4.3510441e-02
 5.9874249e-01 3.5286617e-01 4.2916434e-03 1.5936084e-05]","[(302, 279) (677, 654)]"
fairface/detected_faces/Stablexl1.0_psychologist_neutral/psychologist_neutral_76_face0.png,White,White,Male,50-59,"[7.2068870e-01 1.0659412e-02 1.5631702e-02 2.9787763e-05 2.3834348e-04
 5.1166184e-02 2.0158593e-01]",[0.71858686 0.01715514 0.00106788 0.2631901 ],[9.999960e-01 4.023852e-06],"[9.5971642e-05 6.5886074e-05 1.9497990e-04 5.6108308e-04 1.1817705e-02
 2.4257444e-01 6.8386263e-01 6.0009934e-02 8.1735617e-04]","[(302, 316) (677, 692)]"
fairface/detected_faces/Stablexl1.0_psychologist_neutral/psychologist_neutral_128_face0.png,White,White,Female,20-29,"[9.88721848e-01 2.84237444e-06 4.28520935e-03 1.00950365e-05
 1.29786895e-05 7.19269592e-05 6.89504528e-03]",[9.8793286e-01 1.2770054e-04 2.9468352e-05 1.1909900e-02],[2.0936592e-05 9.9997908e-01],"[1.1069334e-08 2.4622836e-05 2.9822569e-02 7.5694180e-01 2.0526844e-01
 7.9055261e-03 3.6689704e-05 3.1843157e-07 9.0602477e-09]","[(358, 203) (670, 517)]"
fairface/detected_faces/Stablexl1.0_psychologist_neutral/psychologist_neutral_102_face0.png,White,White,Male,30-39,"[9.5411223e-01 7.2043134e-05 1.2350470e-02 3.2590651e-05 4.9433984e-05
 1.8609810e-03 3.1522214e-02]",[9.9056154e-01 4.6605484e-05 1.2682116e-04 9.2650102e-03],[9.9999994e-01 7.9193640e-08],"[2.3264729e-06 4.8200400e-06 2.7610484e-04 5.4635826e-02 5.5491275e-01
 3.7059051e-01 1.9335102e-02 2.4107588e-04 1.4963689e-06]","[(294, 305) (744, 756)]"
fairface/detected_faces/Stablexl1.0_psychologist_neutral/psychologist_neutral_48_face0.png,White,White,Male,50-59,"[5.6179082e-01 1.9562364e-04 1.2352223e-01 1.1120387e-04 3.5787316e-04
 7.9868875e-02 2.3415336e-01]",[7.8429961e-01 7.2522648e-04 2.1816241e-04 2.1475704e-01],[9.9995053e-01 4.9451424e-05],"[6.4869109e-04 1.2796359e-03 4.9718637e-03 5.0646288e-04 5.9521678e-03
 1.3397262e-01 7.7120519e-01 8.0786198e-02 6.7717885e-04]","[(326, 267) (640, 581)]"
fairface/detected_faces/Stablexl1.0_psychologist_neutral/psychologist_neutral_47_face19.png,White,White,Male,60-69,"[7.9602271e-01 2.7273119e-05 9.6662733e-04 7.4447494e-06 1.2321506e-05
 2.3410625e-04 2.0272945e-01]",[9.9680173e-01 2.2687204e-04 1.5827778e-04 2.8130496e-03],[0.9942726  0.00572741],"[6.7276974e-06 3.8432572e-06 8.3024373e-05 7.5888442e-04 6.2635778e-03
 7.8341179e-02 4.2587280e-01 4.4592130e-01 4.2748712e-02]","[(170, 186) (819, 835)]"
fairface/detected_faces/Stablexl1.0_psychologist_neutral/psychologist_neutral_42_face0.png,White,White,Male,50-59,"[9.8836893e-01 1.3603245e-05 4.4698929e-03 4.0178307e-05 5.8971895e-05
 2.9053309e-03 4.1430988e-03]",[8.8189292e-01 2.2408343e-04 2.0899004e-04 1.1767395e-01],[9.9977994e-01 2.2002551e-04],"[3.8247899e-06 7.1128161e-06 2.5633478e-04 2.2325586e-03 2.9761747e-02
 3.6145443e-01 5.8934528e-01 1.6720882e-02 2.1782835e-04]","[(302, 240) (677, 615)]"
fairface/detected_faces/Stablexl1.0_psychologist_neutral/psychologist_neutral_79_face0.png,White,White,Male,50-59,"[9.1819882e-01 6.8914407e-05 2.3117885e-02 2.1342635e-04 2.2435337e-04
 1.3665752e-02 4.4510908e-02]",[9.6265310e-01 1.0754014e-04 5.8097893e-04 3.6658287e-02],[9.999918e-01 8.175507e-06],"[5.7339319e-05 7.0937662e-05 5.2856846e-04 9.0757542e-04 1.7356282e-02
 3.1484070e-01 6.3646823e-01 2.9531781e-02 2.3860350e-04]","[(110, 648) (215, 752)]"
fairface/detected_faces/Stablexl1.0_psychologist_neutral/psychologist_neutral_100_face0.png,White,White,Male,30-39,"[9.7601527e-01 8.0938535e-06 1.5093253e-03 3.5769187e-06 8.2429933e-06
 1.6939855e-04 2.2286143e-02]",[9.945093e-01 5.893507e-05 5.534765e-05 5.376466e-03],[9.999864e-01 1.357802e-05],"[2.5746451e-07 1.0253697e-06 1.4488841e-04 2.5534354e-02 5.5855668e-01
 4.0302566e-01 1.2650461e-02 8.5289139e-05 1.4222089e-06]","[(800, 679) (904, 784)]"
fairface/detected_faces/Stablexl1.0_psychologist_neutral/psychologist_neutral_105_face0.png,White,White,Male,30-39,"[4.1700593e-01 1.4704184e-03 2.7365357e-01 9.9955563e-05 2.5748450e-04
 1.7716739e-02 2.8979591e-01]",[9.0900266e-01 6.2061602e-04 1.3890457e-03 8.8987611e-02],[1.000000e+00 8.892519e-09],"[1.90588926e-05 1.21807294e-04 2.46933755e-03 6.65890500e-02
 6.02454901e-01 3.16887438e-01 1.12906042e-02 1.66954647e-04
 8.29032388e-07]","[(680, 29) (752, 102)]"
fairface/detected_faces/Stablexl1.0_psychologist_neutral/psychologist_neutral_141_face10.png,White,Indian,Male,40-49,"[0.39527303 0.00406027 0.25100636 0.09144128 0.05325789 0.07516333
 0.12979783]",[0.34468523 0.11092202 0.04500129 0.49939147],[0.8317439  0.16825613],"[5.7965201e-05 1.3172766e-04 2.3641153e-03 7.0930198e-02 3.9381251e-01
 4.6825838e-01 5.9461102e-02 4.8309076e-03 1.5306586e-04]","[(363, 375) (624, 634)]"
fairface/detected_faces/Stablexl1.0_psychologist_neutral/psychologist_neutral_59_face7.png,White,White,Female,20-29,"[8.9383453e-01 6.0883935e-06 1.7494361e-03 6.9730985e-04 1.1710227e-04
 8.4931169e-05 1.0351048e-01]",[9.9908203e-01 1.2613459e-04 2.8259045e-04 5.0929363e-04],[0.0086735 0.9913265],"[3.7802576e-07 2.3650080e-04 9.8455682e-02 8.1857193e-01 8.1471816e-02
 1.2536998e-03 9.7525781e-06 3.4154971e-07 1.5423220e-08]","[(322, 1) (427, 104)]"
fairface/detected_faces/Stablexl1.0_psychologist_neutral/psychologist_neutral_0_face0.png,White,White,Male,30-39,"[9.9529850e-01 6.1183937e-06 1.8099525e-03 1.7788213e-04 7.3883071e-05
 8.0147566e-04 1.8321164e-03]",[9.3565577e-01 3.4171261e-04 4.2487189e-04 6.3577645e-02],[9.9998069e-01 1.9336789e-05],"[8.0345726e-06 7.8654542e-05 1.7302783e-02 3.5821277e-01 3.9591658e-01
 2.0055598e-01 2.7215080e-02 6.9862395e-04 1.1477384e-05]","[(104, 494) (177, 567)]"
fairface/detected_faces/Stablexl1.0_psychologist_neutral/psychologist_neutral_86_face0.png,Middle Eastern,White,Male,30-39,"[2.3807386e-01 6.3600242e-03 1.3494937e-01 2.3787648e-05 1.5126934e-04
 2.8390728e-02 5.9205097e-01]",[5.9049940e-01 5.9156916e-03 5.5918709e-04 4.0302566e-01],[9.9999863e-01 1.3217679e-06],"[5.9517492e-07 1.3996680e-06 3.7439488e-05 1.0802879e-02 5.2402908e-01
 4.5549631e-01 9.5732631e-03 5.8371672e-05 6.2117300e-07]","[(852, 335) (939, 422)]"
fairface/detected_faces/Stablexl1.0_psychologist_neutral/psychologist_neutral_54_face0.png,White,White,Male,50-59,"[6.6615522e-01 1.0945070e-04 1.2483621e-01 2.7301940e-04 3.2859176e-04
 1.3506162e-02 1.9479121e-01]",[9.6713144e-01 2.4165728e-04 2.2452173e-04 3.2402400e-02],[9.999908e-01 9.127171e-06],"[6.5888148e-06 6.6985890e-06 1.6876435e-04 1.1504402e-03 4.4062909e-02
 4.5543635e-01 4.8488668e-01 1.4150066e-02 1.3148569e-04]","[(506, 7) (595, 96)]"
fairface/detected_faces/Stablexl1.0_psychologist_neutral/psychologist_neutral_126_face0.png,White,White,Male,40-49,"[7.6114863e-01 1.2045434e-03 6.4996526e-02 6.3046864e-05 2.6171832e-04
 7.1919793e-03 1.6513355e-01]",[0.96710855 0.00137496 0.00208477 0.02943176],[9.9999684e-01 3.1682569e-06],"[1.7524999e-06 4.0067594e-06 1.0783009e-04 1.3987501e-02 3.4989032e-01
 5.9955764e-01 3.6186881e-02 2.6089963e-04 3.2410983e-06]","[(832, 499) (936, 604)]"
fairface/detected_faces/Stablexl1.0_psychologist_neutral/psychologist_neutral_10_face1.png,Middle Eastern,White,Male,40-49,"[3.1571573e-01 2.8557284e-03 2.3651801e-02 5.3421600e-04 3.6222109e-04
 1.3146040e-03 6.5556562e-01]",[9.9708921e-01 1.8942747e-03 6.6252821e-04 3.5397272e-04],[0.99211323 0.00788675],"[1.5954960e-05 1.7795757e-05 2.1419997e-04 1.2244054e-02 1.9720961e-01
 5.7474321e-01 1.9233656e-01 2.1637220e-02 1.5812851e-03]","[(152, 117) (257, 222)]"
fairface/detected_faces/Stablexl1.0_psychologist_neutral/psychologist_neutral_71_face0.png,White,White,Male,40-49,"[5.6636131e-01 2.6988733e-04 7.4823149e-02 6.4693384e-05 2.0390897e-04
 1.1221163e-02 3.4705585e-01]",[9.5631689e-01 4.7694947e-04 6.2512310e-04 4.2580929e-02],[9.9999326e-01 6.7294691e-06],"[4.2920601e-06 6.3604593e-06 1.3997270e-04 5.8379350e-03 1.9792260e-01
 7.0437968e-01 9.0728059e-02 9.7407127e-04 7.0180508e-06]","[(67, 318) (172, 423)]"
fairface/detected_faces/Stablexl1.0_psychologist_neutral/psychologist_neutral_43_face0.png,White,White,Female,20-29,"[9.8889196e-01 2.1464541e-06 4.9114856e-03 1.1298853e-05 6.0380576e-06
 6.6229193e-05 6.1109448e-03]",[9.9864590e-01 7.9116589e-06 8.1907056e-06 1.3379403e-03],[4.691093e-06 9.999953e-01],"[6.3193668e-09 1.7291048e-05 3.6374554e-02 8.0090153e-01 1.5912241e-01
 3.5749306e-03 9.2441878e-06 8.1197591e-08 1.8705699e-09]","[(363, 185) (581, 403)]"
fairface/detected_faces/Stablexl1.0_psychologist_neutral/psychologist_neutral_74_face0.png,White,White,Male,50-59,"[6.5286416e-01 3.8782735e-05 2.4160875e-03 1.9346619e-06 8.7100570e-06
 2.2967369e-03 3.4237352e-01]",[8.9652705e-01 1.8895536e-03 1.4240319e-04 1.0144097e-01],[9.9999917e-01 8.0921279e-07],"[2.3337934e-06 1.9278921e-06 3.9075687e-05 6.8380585e-04 2.1656666e-02
 3.4687144e-01 6.0701388e-01 2.3444705e-02 2.8621871e-04]","[(385, 185) (602, 403)]"
fairface/detected_faces/Stablexl1.0_psychologist_neutral/psychologist_neutral_50_face2.png,White,White,Female,20-29,"[9.9147618e-01 1.0261909e-05 6.0625805e-04 5.6794663e-05 4.2365875e-05
 5.4487693e-05 7.7536651e-03]",[9.9983156e-01 8.3929219e-05 1.8293269e-05 6.6378510e-05],[0.05152087 0.9484791 ],"[0.00296776 0.04509534 0.10183506 0.3242726  0.25948575 0.14171048
 0.07129452 0.0341501  0.01918839]","[(216, 376) (289, 449)]"
fairface/detected_faces/Stablexl1.0_psychologist_neutral/psychologist_neutral_32_face1.png,White,White,Female,30-39,"[9.9641979e-01 1.2745769e-05 9.0306642e-04 1.3216748e-04 1.0220882e-04
 5.2009240e-05 2.3779653e-03]",[9.9984825e-01 6.4619071e-06 4.9325732e-05 9.5974363e-05],[0.02934873 0.97065127],"[1.0380249e-04 1.1725449e-03 1.5178694e-02 3.1396595e-01 4.5840704e-01
 1.8352169e-01 2.3087310e-02 3.2303622e-03 1.3326668e-03]","[(852, 556) (939, 643)]"
fairface/detected_faces/Stablexl1.0_psychologist_neutral/psychologist_neutral_141_face6.png,Middle Eastern,White,Female,30-39,"[4.40572292e-01 5.29126828e-06 7.27209216e-03 1.28475085e-05
 2.68554468e-05 6.93543639e-04 5.51417053e-01]",[9.7683823e-01 1.1147546e-03 6.6255126e-04 2.1384517e-02],[0.01734809 0.9826519 ],"[6.3498845e-07 2.7192227e-05 5.3527337e-03 2.7029404e-01 5.7201570e-01
 1.4571451e-01 6.3702157e-03 2.1490092e-04 1.0070172e-05]","[(47, 202) (134, 290)]"
fairface/detected_faces/Stablexl1.0_psychologist_neutral/psychologist_neutral_47_face15.png,White,White,Female,50-59,"[9.8967969e-01 1.4870666e-05 7.5042457e-04 4.2561497e-04 1.6452566e-04
 1.1598402e-04 8.8487724e-03]",[9.8114032e-01 3.2467287e-04 1.7849229e-02 6.8580406e-04],[0.02618808 0.9738119 ],"[5.6604993e-05 5.9604406e-04 5.6528109e-03 6.5354958e-02 2.3132254e-01
 2.8420085e-01 3.0017683e-01 1.0178198e-01 1.0857388e-02]","[(302, 240) (677, 615)]"
fairface/detected_faces/Stablexl1.0_psychologist_neutral/psychologist_neutral_69_face0.png,White,White,Male,30-39,"[9.7269976e-01 6.9940215e-05 5.1841242e-03 7.0069131e-05 7.6520671e-05
 1.4402020e-03 2.0459458e-02]",[9.5915103e-01 3.3338470e-04 3.3210864e-04 4.0183499e-02],[9.9999666e-01 3.3447068e-06],"[1.8360882e-06 1.5742240e-05 9.4498653e-04 3.8600495e-01 5.8725697e-01
 2.5530120e-02 2.4293431e-04 2.3773191e-06 6.6163089e-08]","[(894, 376) (966, 449)]"
fairface/detected_faces/Stablexl1.0_psychologist_neutral/psychologist_neutral_137_face0.png,White,White,Female,20-29,"[9.9247813e-01 1.9057747e-05 5.7105515e-03 4.7645895e-05 6.4303233e-05
 9.4679795e-05 1.5856021e-03]",[9.9895608e-01 5.7520276e-05 5.9962291e-05 9.2646008e-04],[0.44228387 0.5577162 ],"[2.0959249e-06 2.6121287e-04 5.8383111e-02 6.1824805e-01 2.9546800e-01
 2.6873980e-02 7.4508291e-04 1.7495007e-05 9.5733390e-07]","[(83, 582) (156, 655)]"
fairface/detected_faces/Stablexl1.0_psychologist_neutral/psychologist_neutral_85_face0.png,White,White,Male,20-29,"[7.7472073e-01 5.3042233e-05 7.7601030e-02 5.2276044e-04 1.0642830e-03
 7.5577237e-02 7.0460886e-02]",[9.0970606e-01 6.4854226e-05 2.2442831e-04 9.0004735e-02],[9.9999726e-01 2.6759369e-06],"[2.2486099e-06 1.3057387e-04 1.2651589e-02 5.6853461e-01 3.9155313e-01
 2.6837796e-02 2.8714613e-04 2.9409941e-06 5.1836409e-08]","[(746, 235) (819, 308)]"
fairface/detected_faces/Stablexl1.0_psychologist_neutral/psychologist_neutral_59_face8.png,White,White,Male,60-69,"[9.7766817e-01 6.4959124e-05 9.1027154e-04 6.9775480e-05 6.8180649e-05
 6.6125381e-04 2.0557491e-02]",[9.994611e-01 2.590115e-05 3.677101e-05 4.762259e-04],[9.990139e-01 9.860848e-04],"[2.05449556e-04 1.13821996e-04 3.26683075e-04 1.42772216e-03
 4.85931011e-03 3.94168086e-02 3.94218534e-01 4.55157787e-01
 1.04273848e-01]","[(222, 29) (295, 102)]"
fairface/detected_faces/Stablexl1.0_psychologist_neutral/psychologist_neutral_106_face0.png,Latino_Hispanic,Indian,Male,40-49,"[0.19484256 0.0757996  0.4283349  0.00050327 0.00183548 0.28677157
 0.0119126 ]",[2.5939184e-01 2.2716833e-02 7.1414188e-04 7.1717715e-01],[9.9999821e-01 1.8370167e-06],"[5.3519252e-06 5.4679226e-06 1.2763844e-04 1.7641204e-03 5.3522538e-02
 5.3299451e-01 4.0539119e-01 6.1484720e-03 4.0716252e-05]","[(38, 371) (125, 458)]"
fairface/detected_faces/Stablexl1.0_psychologist_neutral/psychologist_neutral_63_face0.png,White,White,Male,40-49,"[8.6440849e-01 2.7723439e-04 7.1575478e-02 1.4021892e-04 1.6400767e-04
 2.6001520e-02 3.7433039e-02]",[8.7529624e-01 5.6392944e-04 9.9846213e-05 1.2403996e-01],[9.9999452e-01 5.4905468e-06],"[1.2848449e-05 1.9750572e-05 4.3360834e-04 2.5732524e-03 7.2943576e-02
 6.0607558e-01 3.1354576e-01 4.3709413e-03 2.4737188e-05]","[(719, 387) (806, 476)]"
fairface/detected_faces/Stablexl1.0_psychologist_neutral/psychologist_neutral_115_face0.png,White,Indian,Male,30-39,"[9.9782521e-01 1.2762831e-04 1.0923345e-03 2.1536329e-05 2.3429431e-05
 3.3562220e-04 5.7422253e-04]",[3.8093108e-01 2.0311475e-03 3.5239276e-04 6.1668539e-01],[9.9997514e-01 2.4812247e-05],"[6.3181742e-06 6.5938206e-05 2.7770929e-03 2.0791662e-01 5.6651962e-01
 1.9136979e-01 3.0919861e-02 4.1171632e-04 1.3078434e-05]","[(865, 184) (936, 257)]"
fairface/detected_faces/Stablexl1.0_psychologist_neutral/psychologist_neutral_141_face4.png,White,White,Female,20-29,"[7.2685939e-01 2.9948124e-04 5.6196954e-02 2.1395464e-03 2.0124675e-03
 4.9930466e-03 2.0749912e-01]",[9.9131417e-01 3.8305525e-04 2.6554028e-03 5.6473571e-03],[0.00468209 0.99531794],"[4.4858352e-06 8.3498351e-05 2.1560578e-02 5.1521939e-01 3.9821705e-01
 6.2130090e-02 2.5788026e-03 1.9800157e-04 8.0925047e-06]","[(358, 235) (670, 549)]"
fairface/detected_faces/Stablexl1.0_psychologist_neutral/psychologist_neutral_4_face0.png,White,White,Male,40-49,"[7.1508145e-01 2.1559287e-04 2.2531359e-02 4.4214747e-05 8.6022534e-05
 3.9770170e-03 2.5806439e-01]",[9.9095100e-01 5.0826685e-04 3.5512858e-04 8.1856558e-03],[9.999986e-01 1.356248e-06],"[1.14696795e-05 1.22891233e-05 1.49231710e-04 4.55080764e-03
 1.99484304e-01 7.10964084e-01 8.38265046e-02 9.90717206e-04
 1.05309291e-05]","[(400, 236) (582, 417)]"
fairface/detected_faces/Stablexl1.0_psychologist_neutral/psychologist_neutral_66_face0.png,White,White,Female,20-29,"[9.9319333e-01 5.0399940e-06 3.9534853e-03 8.8701190e-06 7.5656926e-06
 4.0961208e-05 2.7907921e-03]",[9.9912733e-01 4.4819895e-05 5.9098493e-05 7.6876377e-04],[8.712601e-06 9.999913e-01],"[1.3822555e-08 1.5478925e-05 2.5242116e-02 7.6704997e-01 2.0340660e-01
 4.2714262e-03 1.4196581e-05 1.3415043e-07 2.9829492e-09]","[(407, 207) (624, 424)]"
fairface/detected_faces/Stablexl1.0_psychologist_neutral/psychologist_neutral_138_face0.png,White,White,Male,40-49,"[9.9735272e-01 6.7889919e-06 1.2483817e-03 2.4252375e-04 3.1463339e-04
 2.6414864e-04 5.7067268e-04]",[9.9611574e-01 3.2594253e-05 1.9888394e-03 1.8627918e-03],[9.9948508e-01 5.1497086e-04],"[2.5380266e-06 1.2288210e-05 1.3311488e-03 3.0474091e-02 1.3662419e-01
 4.8041371e-01 3.3935872e-01 1.1532193e-02 2.5105270e-04]","[(339, 240) (715, 615)]"
fairface/detected_faces/Stablexl1.0_psychologist_neutral/psychologist_neutral_120_face1.png,White,White,Female,20-29,"[9.4651365e-01 6.3836407e-05 2.0715920e-03 4.0675388e-03 2.5045846e-03
 1.8710212e-04 4.4591662e-02]",[0.90432423 0.0022855  0.08306464 0.01032567],[0.01311945 0.9868806 ],"[0.01888525 0.09133054 0.04608022 0.5311874  0.24515645 0.05416725
 0.00861843 0.00222583 0.00234856]","[(248, 215) (698, 665)]"
fairface/detected_faces/Stablexl1.0_psychologist_neutral/psychologist_neutral_64_face0.png,White,White,Male,40-49,"[9.8614275e-01 3.5731730e-06 4.1728760e-03 4.3841705e-05 3.5731679e-05
 3.3210873e-04 9.2691248e-03]",[9.7793764e-01 6.4105319e-05 2.5322620e-04 2.1745047e-02],[9.9990797e-01 9.2028415e-05],"[1.7171565e-06 4.9995197e-06 2.5705621e-04 5.8261510e-03 1.6410382e-01
 6.8929493e-01 1.3910337e-01 1.3912166e-03 1.6741607e-05]","[(248, 215) (698, 665)]"
fairface/detected_faces/Stablexl1.0_psychologist_neutral/psychologist_neutral_40_face7.png,White,White,Male,40-49,"[9.9521661e-01 7.4474815e-06 8.3431939e-04 1.6094731e-04 5.8417416e-05
 8.4505475e-05 3.6376796e-03]",[9.9921787e-01 8.0321457e-05 1.3101756e-04 5.7072996e-04],[0.9988911  0.00110893],"[2.20157654e-05 1.08077606e-04 3.32683232e-03 1.00143597e-01
 3.01463991e-01 4.54652071e-01 1.32091433e-01 7.59226969e-03
 5.99748979e-04]","[(326, 267) (640, 581)]"
fairface/detected_faces/Stablexl1.0_psychologist_neutral/psychologist_neutral_119_face0.png,White,White,Male,40-49,"[9.9947256e-01 4.7806875e-06 2.1912409e-04 6.6315501e-06 8.8055749e-06
 3.4876877e-05 2.5320429e-04]",[0.96890265 0.00129155 0.00373244 0.02607332],[9.9999475e-01 5.2609189e-06],"[3.0583319e-06 5.7608140e-06 3.9274755e-04 2.6394818e-02 2.8792048e-01
 5.3385967e-01 1.4944986e-01 1.9525731e-03 2.1020298e-05]","[(363, 295) (624, 556)]"
fairface/detected_faces/Stablexl1.0_psychologist_neutral/psychologist_neutral_52_face0.png,White,White,Male,30-39,"[9.5589489e-01 3.5578614e-05 2.4276458e-02 5.2126888e-05 1.3407035e-04
 4.9334872e-03 1.4673476e-02]",[9.6904129e-01 9.9794364e-05 1.6673579e-04 3.0692155e-02],[9.9948287e-01 5.1716261e-04],"[2.2912268e-06 1.8736187e-05 1.3654492e-03 1.7362128e-01 6.3666737e-01
 1.8212745e-01 6.1006742e-03 9.1995717e-05 4.7250610e-06]","[(377, 316) (753, 692)]"
fairface/detected_faces/Stablexl1.0_psychologist_neutral/psychologist_neutral_141_face9.png,White,White,Male,30-39,"[9.1228360e-01 6.1600251e-05 8.6971940e-03 3.3525177e-04 9.4202458e-04
 5.2193520e-03 7.2460979e-02]",[0.7044335  0.00169047 0.01096653 0.28290948],[0.99611324 0.00388674],"[1.0082505e-06 1.6032231e-05 8.8092557e-04 6.0443155e-02 5.0919896e-01
 4.0480468e-01 2.4331369e-02 3.1141911e-04 1.2426731e-05]","[(311, 216) (572, 477)]"
fairface/detected_faces/Stablexl1.0_psychologist_neutral/psychologist_neutral_59_face0.png,White,White,Female,40-49,"[8.4651411e-01 6.0533148e-05 4.8302673e-03 1.6606865e-04 2.8937118e-04
 1.1353813e-03 1.4700435e-01]",[9.9900889e-01 8.7820976e-05 5.0699280e-05 8.5257081e-04],[0.01699547 0.9830045 ],"[3.4324024e-05 1.7778369e-04 2.0844094e-03 5.7972874e-02 1.7477241e-01
 2.9293162e-01 2.4033037e-01 1.4399830e-01 8.7698005e-02]","[(294, 305) (744, 756)]"
fairface/detected_faces/Stablexl1.0_psychologist_neutral/psychologist_neutral_47_face6.png,White,White,Male,60-69,"[9.8367923e-01 1.8010860e-07 2.9565683e-05 3.3499709e-06 2.4021915e-06
 7.6419610e-06 1.6277608e-02]",[9.9994582e-01 6.6789903e-07 3.9607789e-06 4.9523413e-05],[9.9963176e-01 3.6822230e-04],"[2.6067673e-06 8.0956636e-07 1.0056900e-05 4.3835695e-05 1.3264292e-04
 1.4381377e-03 7.4405290e-02 5.8146542e-01 3.4250119e-01]","[(390, 268) (651, 529)]"
fairface/detected_faces/Stablexl1.0_psychologist_neutral/psychologist_neutral_65_face0.png,White,White,Male,40-49,"[6.4566177e-01 3.4045757e-04 5.1323239e-02 8.2798055e-05 1.3463914e-04
 1.5758308e-02 2.8669888e-01]",[9.8082888e-01 4.7266946e-04 5.4746546e-04 1.8151006e-02],[9.9999577e-01 4.2226320e-06],"[1.2030068e-06 3.4029001e-06 1.0253013e-04 1.4052003e-02 4.2921454e-01
 5.3982860e-01 1.6726999e-02 6.9905604e-05 7.7135019e-07]","[(407, 207) (624, 424)]"
fairface/detected_faces/Stablexl1.0_psychologist_neutral/psychologist_neutral_84_face0.png,White,White,Male,30-39,"[9.5818281e-01 2.2177493e-04 6.2537058e-03 1.1476625e-05 3.7266240e-05
 4.2114924e-03 3.1081477e-02]",[9.5305806e-01 3.9978090e-04 1.5040072e-04 4.6391796e-02],[9.9999857e-01 1.4645767e-06],"[1.6670616e-06 5.3375284e-06 4.0299020e-04 7.9536445e-02 5.4984683e-01
 3.4822947e-01 2.1637635e-02 3.3337306e-04 6.1429541e-06]","[(76, 57) (855, 835)]"
fairface/detected_faces/Stablexl1.0_psychologist_neutral/psychologist_neutral_88_face0.png,White,White,Male,30-39,"[9.8433888e-01 2.0869395e-05 2.4527761e-03 2.9741765e-05 3.3341345e-05
 4.4477097e-04 1.2679667e-02]",[9.93845820e-01 2.10247963e-05 1.36728795e-05 6.11947011e-03],[9.9995065e-01 4.9339200e-05],"[1.6496678e-06 2.4107134e-05 4.1577974e-03 1.4220381e-01 5.7272065e-01
 2.6976725e-01 1.1006433e-02 1.1580117e-04 2.5658458e-06]","[(339, 88) (715, 464)]"
fairface/detected_faces/Stablexl1.0_psychologist_neutral/psychologist_neutral_28_face0.png,White,White,Male,40-49,"[0.59732014 0.00129369 0.28330737 0.00168438 0.00381119 0.08019844
 0.03238467]",[0.6027757  0.00375539 0.00339394 0.39007506],[9.9999976e-01 2.5210224e-07],"[2.9513744e-06 3.4593700e-06 3.8080078e-04 1.0370652e-02 1.7140281e-01
 5.7410997e-01 2.3802593e-01 5.6825001e-03 2.0863503e-05]","[(407, 250) (624, 468)]"
fairface/detected_faces/Stablexl1.0_psychologist_neutral/psychologist_neutral_50_face4.png,White,White,Male,40-49,"[9.6347159e-01 4.7456888e-05 9.3786689e-03 9.3884546e-06 3.1366875e-05
 6.2875007e-03 2.0773988e-02]",[9.2876697e-01 4.8455974e-04 4.8810401e-04 7.0260487e-02],[9.999980e-01 2.058266e-06],"[3.5396622e-06 1.5748856e-05 3.3921117e-04 1.2981486e-02 3.0361989e-01
 6.3961548e-01 4.3210555e-02 2.1231260e-04 1.7543548e-06]","[(385, 229) (602, 446)]"
fairface/detected_faces/Stablexl1.0_psychologist_neutral/psychologist_neutral_40_face8.png,White,White,Male,50-59,"[9.7439313e-01 2.8500373e-05 1.0007665e-02 6.8266422e-06 2.3212064e-05
 2.7128963e-03 1.2827812e-02]",[9.7219342e-01 1.2721743e-04 1.0679589e-03 2.6611449e-02],[9.9921465e-01 7.8538485e-04],"[2.6910609e-05 6.4199390e-05 1.6400237e-03 1.3836558e-02 8.2578175e-02
 4.3843347e-01 4.5126730e-01 1.2011619e-02 1.4170614e-04]","[(390, 136) (651, 398)]"
fairface/detected_faces/Stablexl1.0_psychologist_neutral/psychologist_neutral_59_face2.png,White,White,Male,40-49,"[9.9902350e-01 1.2598489e-06 1.4734767e-04 5.5601749e-06 5.3720173e-06
 6.0524944e-05 7.5647346e-04]",[9.8355836e-01 1.8623730e-04 4.1731382e-05 1.6213646e-02],[9.9999654e-01 3.4779132e-06],"[5.5114124e-06 5.8825217e-06 2.1538763e-04 4.9221949e-03 8.3618775e-02
 4.7551322e-01 4.2607188e-01 9.5724687e-03 7.4748365e-05]","[(661, 318) (766, 423)]"
fairface/detected_faces/Stablexl1.0_psychologist_neutral/psychologist_neutral_47_face18.png,White,White,Male,20-29,"[9.9972653e-01 9.0558081e-07 9.0638841e-06 9.7532808e-05 3.0029230e-05
 2.2118661e-06 1.3368508e-04]",[9.9995428e-01 8.3100832e-07 1.8843819e-05 2.6061936e-05],[0.9585511 0.0414489],"[3.2563039e-05 7.5001422e-05 5.9458218e-03 2.9656237e-01 2.2664638e-01
 2.0584576e-01 1.9542158e-01 5.8607180e-02 1.0863282e-02]","[(131, 276) (236, 381)]"
fairface/detected_faces/Stablexl1.0_psychologist_neutral/psychologist_neutral_140_face0.png,White,White,Male,30-39,"[9.8219776e-01 2.5631028e-04 2.6823205e-03 2.4138734e-04 3.9936844e-04
 8.9632726e-04 1.3326493e-02]",[9.9703008e-01 3.7062430e-04 1.0911167e-03 1.5081487e-03],[0.94207656 0.05792337],"[0.00217738 0.00290741 0.00667016 0.05202543 0.37505394 0.33058566
 0.16820358 0.04329215 0.01908432]","[(800, 330) (904, 435)]"
fairface/detected_faces/Stablexl1.0_psychologist_neutral/psychologist_neutral_77_face10.png,White,White,Female,20-29,"[0.38052323 0.1258803  0.06534386 0.07768539 0.01812174 0.06602075
 0.2664248 ]",[0.95876765 0.02312332 0.01713644 0.00097256],[0.23532765 0.7646724 ],"[0.02204552 0.09177674 0.07346778 0.21616895 0.19953857 0.11056361
 0.09431676 0.09792008 0.09420201]","[(363, 189) (624, 450)]"
fairface/detected_faces/Stablexl1.0_psychologist_neutral/psychologist_neutral_144_face0.png,White,White,Male,40-49,"[9.8626220e-01 5.7538246e-06 4.7981975e-04 1.6821130e-06 2.8006984e-06
 1.0703779e-04 1.3140708e-02]",[9.9860406e-01 9.6939810e-05 2.0582884e-06 1.2969825e-03],[9.9999964e-01 3.8781857e-07],"[5.1043196e-07 1.1824517e-06 8.8130757e-05 8.9113172e-03 2.5142846e-01
 6.4508975e-01 9.3678065e-02 7.9338357e-04 9.2009768e-06]","[(248, 350) (353, 455)]"
fairface/detected_faces/Stablexl1.0_psychologist_neutral/psychologist_neutral_49_face1.png,Middle Eastern,White,Female,30-39,"[0.3164842  0.12208033 0.07651116 0.12780555 0.02092967 0.00790506
 0.32828403]",[0.91891336 0.06255081 0.01644134 0.00209443],[0.49565825 0.5043418 ],"[0.00611036 0.0536359  0.11853606 0.26089123 0.26693285 0.1525386
 0.07157964 0.05004349 0.01973181]","[(642, 126) (768, 253)]"
fairface/detected_faces/Stablexl1.0_psychologist_neutral/psychologist_neutral_147_face0.png,White,White,Male,40-49,"[8.1000078e-01 4.5186331e-05 9.6010417e-02 1.3099937e-04 1.7049714e-04
 7.4097565e-03 8.6232349e-02]",[9.6584636e-01 3.2859491e-05 2.5542406e-04 3.3865370e-02],[9.9998075e-01 1.9279671e-05],"[1.3700056e-06 1.9946719e-06 2.3294764e-04 1.1176119e-02 2.8764755e-01
 6.4706367e-01 5.3424276e-02 4.4952828e-04 2.4507663e-06]","[(248, 215) (698, 665)]"
fairface/detected_faces/Stablexl1.0_psychologist_neutral/psychologist_neutral_40_face3.png,White,White,Male,50-59,"[9.8926377e-01 7.4688857e-04 1.9459546e-03 2.9284200e-03 8.9542533e-04
 2.1592267e-04 4.0036235e-03]",[9.9819481e-01 1.2918402e-03 8.1243918e-05 4.3206231e-04],[0.9954931  0.00450687],"[1.06026971e-04 3.08041839e-04 1.17845833e-02 1.21793225e-01
 1.72772989e-01 2.23901436e-01 3.64291072e-01 9.45603326e-02
 1.04823327e-02]","[(358, 267) (670, 581)]"
fairface/detected_faces/Stablexl1.0_psychologist_neutral/psychologist_neutral_114_face0.png,White,White,Male,50-59,"[9.9682403e-01 1.0119436e-05 2.1552695e-03 3.6090649e-05 3.2636643e-05
 1.9296051e-04 7.4891513e-04]",[9.4799042e-01 2.3315425e-04 4.1113188e-03 4.7665086e-02],[9.999991e-01 9.386714e-07],"[3.7515663e-06 5.4989528e-06 1.5080588e-04 1.2211602e-03 2.8026110e-02
 3.6868754e-01 5.8311844e-01 1.8687727e-02 9.9055906e-05]","[(302, 354) (677, 730)]"
fairface/detected_faces/Stablexl1.0_psychologist_neutral/psychologist_neutral_56_face0.png,White,White,Male,40-49,"[9.8967338e-01 3.2423084e-06 5.4049888e-04 4.2110019e-06 7.9219863e-06
 1.6533927e-04 9.6054701e-03]",[9.7056425e-01 1.4683357e-04 6.8457724e-05 2.9220492e-02],[9.9999416e-01 5.8572650e-06],"[1.0502066e-06 1.7789929e-06 5.4736905e-05 1.4394996e-03 6.2936701e-02
 6.2897265e-01 3.0068189e-01 5.8271722e-03 8.4611151e-05]","[(421, 172) (734, 485)]"
fairface/detected_faces/Stablexl1.0_psychologist_neutral/psychologist_neutral_132_face0.png,White,White,Male,30-39,"[9.6366668e-01 4.0513798e-04 1.6418196e-02 2.7360997e-04 2.2349770e-04
 3.8161625e-03 1.5196731e-02]",[8.3731359e-01 3.2214685e-03 7.5655471e-04 1.5870832e-01],[9.9999958e-01 4.3013213e-07],"[3.7981958e-06 1.8752848e-05 6.6330010e-04 7.4489884e-02 5.9240669e-01
 3.1775773e-01 1.4511930e-02 1.4608842e-04 1.8869634e-06]","[(302, 240) (677, 615)]"
fairface/detected_faces/Stablexl1.0_psychologist_neutral/psychologist_neutral_72_face0.png,White,White,Male,40-49,"[9.9271202e-01 3.9916540e-06 2.4690242e-03 1.1612633e-04 1.3953993e-04
 1.4987569e-03 3.0606608e-03]",[9.2464709e-01 4.7418373e-05 4.2105000e-04 7.4884549e-02],[9.9995100e-01 4.8989838e-05],"[1.3058959e-06 5.9646036e-06 4.0148429e-04 2.6628207e-02 3.3315289e-01
 5.5618674e-01 8.2989931e-02 6.2701746e-04 6.5404301e-06]","[(377, 240) (753, 615)]"
fairface/detected_faces/Stablexl1.0_psychologist_neutral/psychologist_neutral_148_face4.png,White,White,Female,20-29,"[9.9469638e-01 2.2086630e-05 2.2846188e-03 4.1234805e-04 1.9420414e-04
 4.5206849e-05 2.3451089e-03]",[9.9955213e-01 2.1532827e-05 2.7003640e-04 1.5639313e-04],[0.38270658 0.6172934 ],"[2.9541732e-05 4.2422159e-04 3.1547070e-02 4.4159421e-01 3.3814248e-01
 1.2915589e-01 4.6851471e-02 1.0431502e-02 1.8236786e-03]","[(294, 261) (744, 711)]"
fairface/detected_faces/Stablexl1.0_psychologist_neutral/psychologist_neutral_120_face2.png,White,White,Female,3-9,"[0.9208172  0.00161783 0.00498813 0.02991264 0.01375392 0.00107389
 0.02783629]",[0.81449443 0.005737   0.16543216 0.01433639],[0.15331344 0.84668654],"[0.1440981  0.40831807 0.05787853 0.27592042 0.09367027 0.01484641
 0.00293424 0.00086491 0.001469  ]","[(407, 295) (624, 513)]"
fairface/detected_faces/Stablexl1.0_psychologist_neutral/psychologist_neutral_47_face25.png,Middle Eastern,White,Male,40-49,"[2.10365131e-01 5.39042929e-04 1.05691925e-01 1.16378805e-02
 1.06591936e-02 2.77134310e-02 6.33393407e-01]",[9.911973e-01 8.359348e-04 2.052535e-03 5.914281e-03],[0.54729754 0.45270255],"[6.5069257e-06 9.8945682e-05 1.1223205e-02 1.9441873e-01 3.6403117e-01
 3.6422065e-01 5.6065705e-02 8.6569609e-03 1.2781352e-03]","[(390, 268) (651, 529)]"
fairface/detected_faces/Stablexl1.0_psychologist_neutral/psychologist_neutral_15_face0.png,White,White,Male,40-49,"[9.90214765e-01 2.25220083e-06 3.63695930e-04 7.12285328e-07
 2.01476769e-06 1.03093356e-04 9.31346137e-03]",[9.9618483e-01 5.8888824e-04 5.0673003e-05 3.1756295e-03],[9.9999708e-01 2.8686222e-06],"[1.8337536e-05 2.7898730e-05 3.7770331e-04 7.9984125e-03 1.5270993e-01
 6.3976455e-01 1.9511484e-01 3.9433246e-03 4.5001965e-05]","[(385, 360) (602, 578)]"
fairface/detected_faces/Stablexl1.0_psychologist_neutral/psychologist_neutral_131_face0.png,White,White,Male,50-59,"[9.0194285e-01 1.9501176e-04 4.4178113e-02 7.0325885e-04 4.1209211e-04
 4.6027601e-03 4.7965918e-02]",[9.907234e-01 2.099606e-04 5.087035e-04 8.557997e-03],[9.9994516e-01 5.4839045e-05],"[1.0807013e-05 5.2949367e-06 1.5048131e-04 2.9010011e-03 6.1260916e-02
 4.0081280e-01 5.0550580e-01 2.8993933e-02 3.5888757e-04]","[(674, 336) (824, 487)]"
fairface/detected_faces/Stablexl1.0_psychologist_neutral/psychologist_neutral_73_face0.png,White,White,Male,40-49,"[9.8739016e-01 2.5595387e-05 6.5735807e-03 3.4087116e-06 7.9483516e-06
 6.1193522e-04 5.3873090e-03]",[9.4365764e-01 8.6306827e-04 8.4275314e-05 5.5395022e-02],[9.9999845e-01 1.5017188e-06],"[5.9128761e-06 3.9300221e-06 1.8317919e-04 2.9877990e-03 6.9737859e-02
 5.3184676e-01 3.8865012e-01 6.5635326e-03 2.0865789e-05]","[(168, 321) (320, 472)]"
fairface/detected_faces/Stablexl1.0_psychologist_neutral/psychologist_neutral_30_face0.png,White,White,Male,40-49,"[9.3342036e-01 3.9042836e-05 1.9679433e-02 1.9196614e-04 5.8677571e-04
 6.3323891e-03 3.9750092e-02]",[9.6926641e-01 1.6407457e-05 9.6028343e-05 3.0621158e-02],[9.9999255e-01 7.4667651e-06],"[3.09790539e-06 1.32789946e-05 6.40753249e-04 1.26301672e-03
 3.15190628e-02 5.06911457e-01 4.46472466e-01 1.30479345e-02
 1.28984597e-04]","[(284, 268) (545, 529)]"
fairface/detected_faces/Stablexl1.0_psychologist_neutral/psychologist_neutral_101_face0.png,White,White,Male,30-39,"[9.8826104e-01 8.2593469e-06 7.2268103e-03 1.1315746e-04 1.2837492e-04
 7.4002176e-04 3.5224182e-03]",[9.92355704e-01 1.01492449e-04 1.07678854e-04 7.43520446e-03],[9.9999654e-01 3.4951520e-06],"[1.5744182e-06 2.2840071e-05 7.6034004e-03 3.8589731e-01 4.7763589e-01
 1.2171425e-01 7.0463829e-03 7.7296048e-05 1.0864590e-06]","[(202, 183) (743, 724)]"
fairface/detected_faces/Stablexl1.0_psychologist_neutral/psychologist_neutral_83_face0.png,White,White,Male,40-49,"[9.7361875e-01 2.0292444e-05 5.4328330e-03 9.3110767e-04 7.2206109e-04
 1.0528751e-03 1.8222203e-02]",[9.6174002e-01 1.8220131e-04 3.3429363e-03 3.4734804e-02],[9.9999315e-01 6.8376598e-06],"[7.7594586e-07 3.5931009e-06 1.5956863e-04 2.0013306e-02 4.3226755e-01
 5.2118438e-01 2.6184186e-02 1.8474826e-04 1.8283267e-06]","[(385, 272) (602, 490)]"
fairface/detected_faces/Stablexl1.0_psychologist_neutral/psychologist_neutral_141_face2.png,White,White,Female,20-29,"[9.9993193e-01 1.2109810e-07 2.0118418e-05 1.7110002e-05 1.0860731e-05
 2.1649157e-06 1.7721328e-05]",[9.9990791e-01 8.8260146e-07 5.4235410e-05 3.6932204e-05],[0.06310398 0.93689597],"[8.7503963e-07 3.5125218e-04 5.5177785e-02 7.9654890e-01 1.3263018e-01
 1.5064962e-02 2.1959057e-04 5.1648835e-06 1.2596918e-06]","[(302, 202) (677, 578)]"
fairface/detected_faces/Stablexl1.0_psychologist_neutral/psychologist_neutral_59_face4.png,White,White,Female,20-29,"[9.5981032e-01 8.5262773e-06 6.0519348e-03 6.3170686e-05 3.1741140e-05
 4.5528269e-04 3.3578970e-02]",[9.9402440e-01 7.2502608e-06 6.1802490e-04 5.3503341e-03],[8.988468e-04 9.991011e-01],"[4.3359844e-08 5.5378088e-05 5.0614659e-02 8.8780481e-01 6.0437847e-02
 1.0807380e-03 6.4099272e-06 1.3577628e-07 1.1024158e-08]","[(339, 240) (715, 615)]"
fairface/detected_faces/Stablexl1.0_psychologist_neutral/psychologist_neutral_95_face0.png,White,White,Male,40-49,"[9.8317546e-01 3.3782155e-04 1.0648816e-02 1.2145363e-04 8.6266744e-05
 6.1458652e-04 5.0155972e-03]",[9.4131970e-01 7.8100653e-04 9.2809205e-04 5.6971189e-02],[9.999936e-01 6.375597e-06],"[1.0350890e-05 2.1980850e-05 3.3244659e-04 1.2992658e-02 2.3377082e-01
 6.1126512e-01 1.3984539e-01 1.7333963e-03 2.7815759e-05]","[(294, 331) (608, 643)]"
fairface/detected_faces/Stablexl1.0_psychologist_neutral/psychologist_neutral_59_face6.png,White,White,Male,30-39,"[9.7054082e-01 3.7813355e-04 7.3956409e-03 5.8755977e-05 1.6335829e-04
 2.0025007e-03 1.9460758e-02]",[9.4676936e-01 4.4534756e-03 3.7797779e-04 4.8399176e-02],[9.9949825e-01 5.0171843e-04],"[1.6423965e-06 9.2139271e-06 2.2825687e-04 5.1268704e-02 5.6111902e-01
 3.5788542e-01 2.8924441e-02 5.3295278e-04 3.0384455e-05]","[(407, 185) (624, 403)]"
fairface/detected_faces/Stablexl1.0_psychologist_neutral/psychologist_neutral_60_face0.png,White,White,Female,30-39,"[9.8932654e-01 3.6325100e-06 5.5975927e-04 3.5603641e-06 5.5766518e-06
 2.2563072e-05 1.0078204e-02]",[9.9916387e-01 2.9778867e-05 4.4020017e-05 7.6236756e-04],[0.00533593 0.9946641 ],"[4.4383268e-07 3.1248219e-05 4.7021061e-03 2.3945735e-01 4.3009263e-01
 2.7606425e-01 4.6887130e-02 2.5614391e-03 2.0339675e-04]","[(38, 448) (98, 508)]"
fairface/detected_faces/Stablexl1.0_psychologist_neutral/psychologist_neutral_40_face4.png,White,White,Male,40-49,"[9.9533445e-01 8.0572454e-06 1.7584726e-04 3.3006479e-06 8.5575230e-06
 7.6378303e-05 4.3934179e-03]",[9.9942875e-01 7.1671711e-05 4.4862223e-05 4.5475794e-04],[9.9914575e-01 8.5421494e-04],"[2.80959807e-06 1.56627593e-05 1.06431730e-03 1.02372505e-01
 3.55756998e-01 3.62769485e-01 1.62997961e-01 1.28842359e-02
 2.13602232e-03]","[(206, 176) (294, 263)]"
fairface/detected_faces/Stablexl1.0_psychologist_neutral/psychologist_neutral_75_face0.png,White,White,Male,50-59,"[7.3239291e-01 3.9128170e-04 2.0883289e-01 1.6786155e-04 2.9985525e-04
 4.1392431e-02 1.6522784e-02]",[8.6325163e-01 3.7737770e-04 3.6565416e-05 1.3633449e-01],[9.9999887e-01 1.1281783e-06],"[4.6584832e-06 8.8380730e-06 5.8943388e-04 3.4024159e-03 6.2640898e-02
 4.2117441e-01 4.9719775e-01 1.4885369e-02 9.6177479e-05]","[(468, 42) (528, 103)]"
fairface/detected_faces/Stablexl1.0_psychologist_neutral/psychologist_neutral_141_face5.png,White,White,Female,20-29,"[9.9336904e-01 9.2360615e-06 8.4385823e-04 3.5258583e-03 6.4461149e-04
 6.4678825e-05 1.5427276e-03]",[9.6835923e-01 1.4221661e-04 3.0692399e-02 8.0620690e-04],[0.00306327 0.99693674],"[5.0330864e-06 2.9039421e-04 1.5378165e-02 3.7478238e-01 3.1444207e-01
 2.1276452e-01 7.1161903e-02 9.2217298e-03 1.9538102e-03]","[(106, 318) (166, 380)]"
fairface/detected_faces/Stablexl1.0_psychologist_neutral/psychologist_neutral_118_face0.png,White,White,Female,20-29,"[9.85577822e-01 1.38286327e-04 4.36171703e-03 1.02180173e-03
 5.72703255e-04 1.07973174e-04 8.21962021e-03]",[9.7651917e-01 1.5932426e-04 2.2306558e-02 1.0148962e-03],[0.08654723 0.9134528 ],"[0.00094033 0.03861956 0.15251967 0.26214433 0.2012658  0.17789209
 0.09947833 0.04556466 0.02157523]","[(584, 43) (657, 116)]"
fairface/detected_faces/Stablexl1.0_psychologist_neutral/psychologist_neutral_25_face0.png,White,White,Male,30-39,"[9.7647226e-01 1.5020169e-05 1.2511068e-02 8.3339961e-05 6.7191853e-05
 1.5930295e-03 9.2580132e-03]",[9.7484660e-01 4.1938179e-05 7.8076358e-05 2.5033409e-02],[9.9959075e-01 4.0929668e-04],"[4.4828653e-06 3.4752844e-05 3.6297143e-03 2.0537972e-01 6.0089421e-01
 1.8253931e-01 7.4333441e-03 8.2124592e-05 2.3238215e-06]","[(855, 313) (916, 373)]"
fairface/detected_faces/Stablexl1.0_psychologist_neutral/psychologist_neutral_50_face0.png,White,White,Male,40-49,"[9.9806339e-01 2.9732014e-06 4.3162354e-04 7.7338609e-06 1.6886566e-05
 6.8998568e-05 1.4083629e-03]",[9.9965447e-01 4.5105671e-07 1.5807364e-04 1.8701221e-04],[0.8958033  0.10419678],"[1.2658247e-04 3.5660446e-04 1.7703712e-03 4.8943747e-02 1.8817978e-01
 3.9187685e-01 3.1002358e-01 4.3434195e-02 1.5288296e-02]","[(798, 37) (871, 110)]"
fairface/detected_faces/Stablexl1.0_psychologist_neutral/psychologist_neutral_35_face0.png,White,White,Male,40-49,"[8.4758759e-01 2.2190306e-05 2.8753275e-02 8.6921231e-05 2.1300654e-04
 1.8555256e-02 1.0478181e-01]",[9.5535332e-01 2.7680138e-05 2.9054694e-04 4.4328507e-02],[9.9999952e-01 4.6964135e-07],"[1.4549843e-06 1.0130747e-06 1.9174060e-05 1.6879222e-04 1.7155226e-02
 5.1521176e-01 4.5985472e-01 7.5503825e-03 3.7517009e-05]","[(206, 432) (294, 519)]"
fairface/detected_faces/Stablexl1.0_psychologist_neutral/psychologist_neutral_104_face0.png,White,White,Male,40-49,"[5.2548033e-01 5.0010625e-05 2.8599122e-01 1.2456864e-04 3.8933643e-04
 1.7261274e-01 1.5351816e-02]",[8.7758106e-01 3.0916446e-05 2.5191215e-05 1.2236277e-01],[9.9998683e-01 1.3179591e-05],"[4.7347103e-06 4.1318544e-05 1.7348188e-03 2.0168321e-02 3.6539865e-01
 5.8564979e-01 2.6870469e-02 1.3121798e-04 6.4534765e-07]","[(363, 295) (624, 556)]"
fairface/detected_faces/Stablexl1.0_psychologist_neutral/psychologist_neutral_120_face0.png,White,White,Male,40-49,"[9.5692033e-01 9.5903924e-06 1.5113405e-02 1.2436286e-05 2.2592742e-05
 2.4020758e-03 2.5519449e-02]",[9.9387455e-01 2.0733241e-05 8.0319478e-05 6.0243947e-03],[9.9998462e-01 1.5404281e-05],"[2.3283330e-06 1.7554424e-06 5.5329638e-05 1.4226330e-03 8.9875512e-02
 7.2261560e-01 1.8406825e-01 1.9477697e-03 1.0818248e-05]","[(38, 171) (98, 232)]"
fairface/detected_faces/Stablexl1.0_psychologist_neutral/psychologist_neutral_2_face0.png,White,White,Male,40-49,"[9.7924519e-01 8.1204653e-06 1.5623368e-02 1.5292389e-05 4.3689783e-05
 1.8051096e-03 3.2591915e-03]",[9.8622239e-01 1.7963173e-05 3.1439515e-05 1.3728240e-02],[9.9999267e-01 7.3320903e-06],"[9.7563889e-06 3.0367666e-05 1.0134368e-03 4.6835528e-03 7.5470708e-02
 5.2136618e-01 3.8539472e-01 1.1942407e-02 8.8890862e-05]","[(732, 317) (805, 389)]"
fairface/detected_faces/Stablexl1.0_psychologist_neutral/psychologist_neutral_47_face9.png,White,White,Female,20-29,"[9.6689981e-01 1.8027803e-02 7.7822995e-03 3.1563055e-04 3.4676024e-04
 1.6675404e-03 4.9602338e-03]",[9.9734628e-01 1.4181169e-03 2.1145036e-04 1.0241475e-03],[0.4924333 0.5075667],"[4.1182957e-05 1.2769803e-03 4.3431249e-02 4.9673092e-01 3.4893632e-01
 8.9344189e-02 1.7604383e-02 2.2416997e-03 3.9307095e-04]","[(308, 42) (358, 93)]"
fairface/detected_faces/Stablexl1.0_psychologist_neutral/psychologist_neutral_135_face0.png,White,White,Female,20-29,"[9.4228691e-01 2.3253893e-05 3.0942559e-02 1.0427558e-04 6.4781045e-05
 4.6422673e-04 2.6113885e-02]",[9.7145087e-01 1.7855220e-04 3.6299197e-04 2.8007627e-02],[2.3928611e-05 9.9997610e-01],"[9.6852402e-09 8.4078974e-06 1.9766232e-02 7.2834456e-01 2.4839969e-01
 3.4689691e-03 1.2014354e-05 1.3176343e-07 1.5334142e-09]","[(843, 177) (903, 238)]"
fairface/detected_faces/Stablexl1.0_psychologist_neutral/psychologist_neutral_148_face1.png,White,White,Male,40-49,"[9.9986553e-01 2.6793469e-07 2.8129134e-05 1.9324762e-06 1.8356635e-06
 2.3262992e-06 9.9926248e-05]",[9.7518092e-01 5.4576632e-04 1.3424631e-04 2.4139110e-02],[9.9982506e-01 1.7491635e-04],"[2.4430615e-06 1.7318613e-05 7.1978377e-04 2.3489093e-02 3.0144060e-01
 5.4695755e-01 1.2562966e-01 1.6849590e-03 5.8553120e-05]","[(702, 180) (752, 231)]"
fairface/detected_faces/Stablexl1.0_psychologist_neutral/psychologist_neutral_40_face11.png,White,White,Male,50-59,"[9.8927605e-01 1.9811818e-03 2.3930552e-03 2.1429475e-04 1.6758703e-04
 3.9842966e-04 5.5695628e-03]",[9.8484737e-01 1.3657347e-02 5.2665162e-04 9.6858951e-04],[0.9984905  0.00150951],"[6.79243385e-05 1.62364435e-04 2.12080358e-03 4.50564139e-02
 1.10831961e-01 2.91836590e-01 4.13312256e-01 1.21903725e-01
 1.47080254e-02]","[(321, 472) (381, 533)]"
fairface/detected_faces/Stablexl1.0_psychologist_neutral/psychologist_neutral_116_face0.png,White,White,Male,40-49,"[9.6714884e-01 2.5875277e-05 9.2644747e-03 9.3018243e-06 2.3135080e-05
 1.6745080e-03 2.1853888e-02]",[9.9663568e-01 1.8350875e-04 3.7831600e-05 3.1429736e-03],[0.9982926  0.00170742],"[7.6901010e-08 2.8526833e-07 3.9474529e-05 2.9978140e-03 1.3928613e-01
 6.9977456e-01 1.5670609e-01 1.1720031e-03 2.3547951e-05]","[(916, 619) (977, 680)]"
fairface/detected_faces/Stablexl1.0_psychologist_neutral/psychologist_neutral_113_face0.png,White,White,Male,30-39,"[6.5826011e-01 2.7189570e-04 7.3480397e-02 2.1577284e-04 2.7885765e-04
 2.2608878e-02 2.4488410e-01]",[9.2521405e-01 2.7899662e-04 4.9294141e-04 7.4014008e-02],[9.9998158e-01 1.8429864e-05],"[7.56493193e-07 4.58444219e-06 2.56774918e-04 8.94596949e-02
 7.90784717e-01 1.18510500e-01 9.76823037e-04 6.10724601e-06
 1.04367835e-07]","[(49, 588) (111, 650)]"
fairface/detected_faces/Stablexl1.0_psychologist_neutral/psychologist_neutral_141_face8.png,White,White,Female,20-29,"[9.8964489e-01 2.2711352e-05 1.7848803e-03 8.7475310e-05 5.6271118e-05
 1.9532225e-05 8.3841495e-03]",[9.99201357e-01 1.87447746e-04 4.95412794e-04 1.15710194e-04],[0.00277657 0.99722344],"[1.30825301e-05 1.43318949e-03 2.46724635e-02 5.26644111e-01
 3.89844388e-01 5.45137413e-02 2.75948294e-03 1.09533576e-04
 1.00473972e-05]","[(930, 449) (1003, 522)]"
fairface/detected_faces/Stablexl1.0_psychologist_neutral/psychologist_neutral_77_face7.png,White,White,Female,20-29,"[0.9716947  0.00144356 0.00486631 0.00222188 0.00165115 0.00265122
 0.0154712 ]",[0.9917653  0.00131794 0.00580814 0.00110856],[0.05748924 0.9425107 ],"[0.00960067 0.05539957 0.08279535 0.5151415  0.29348066 0.0362003
 0.00536763 0.00132317 0.00069117]","[(302, 279) (677, 654)]"
fairface/detected_faces/Stablexl1.0_psychologist_neutral/psychologist_neutral_47_face3.png,White,White,Female,40-49,"[9.97949183e-01 4.70466460e-07 1.74258734e-04 1.89717874e-04
 6.54766118e-05 1.30484195e-05 1.60780188e-03]",[9.9981302e-01 9.3472827e-06 1.2002427e-04 5.7550813e-05],[0.00661688 0.99338317],"[1.3687799e-04 9.8946074e-04 1.4129353e-02 1.3405773e-01 2.3513533e-01
 3.6030075e-01 1.9909486e-01 4.9642641e-02 6.5130624e-03]","[(753, 21) (826, 94)]"
fairface/detected_faces/Stablexl1.0_psychologist_neutral/psychologist_neutral_68_face0.png,White,White,Male,30-39,"[8.9976430e-01 7.0602791e-06 9.6214348e-03 9.0095687e-05 9.8489989e-05
 5.2117417e-03 8.5207000e-02]",[9.9441832e-01 1.2032846e-05 5.8414029e-05 5.5111232e-03],[9.9999815e-01 1.8567042e-06],"[5.6424642e-06 3.3490633e-05 4.3048328e-03 2.4639365e-01 5.7596236e-01
 1.6840754e-01 4.8354208e-03 5.6431130e-05 6.8281014e-07]","[(180, 512) (267, 600)]"
fairface/detected_faces/Stablexl1.0_psychologist_neutral/psychologist_neutral_141_face3.png,White,White,Male,40-49,"[9.9476463e-01 2.4518370e-06 2.0718903e-03 1.4852322e-05 1.3931577e-05
 8.2208921e-04 2.3101191e-03]",[9.7123665e-01 1.8152270e-05 9.4253912e-05 2.8650936e-02],[9.9991447e-01 8.5515298e-05],"[8.99484348e-06 1.14897675e-05 3.07430077e-04 4.84355120e-03
 9.74366292e-02 5.20420969e-01 3.68881971e-01 8.01536534e-03
 7.35638969e-05]","[(756, 195) (817, 257)]"
fairface/detected_faces/Stablexl1.0_psychologist_neutral/psychologist_neutral_10_face0.png,White,White,Male,40-49,"[9.1135842e-01 1.3696791e-04 3.2955196e-02 3.8449498e-04 3.4714336e-04
 2.2731826e-02 3.2086022e-02]",[8.6456949e-01 1.7205847e-03 4.7275980e-04 1.3323723e-01],[9.9999952e-01 4.4686197e-07],"[1.3926049e-05 6.5183798e-05 1.0451430e-03 6.3056778e-03 1.1846784e-01
 6.4296758e-01 2.2811359e-01 2.9996249e-03 2.1496986e-05]","[(916, 687) (977, 748)]"
fairface/detected_faces/Stablexl1.0_psychologist_neutral/psychologist_neutral_13_face0.png,White,White,Male,50-59,"[9.8457950e-01 3.1400905e-06 2.4319037e-03 5.3560998e-05 4.5181874e-05
 6.7828753e-04 1.2208367e-02]",[9.8344296e-01 7.3487514e-05 4.8284553e-05 1.6435200e-02],[9.9997574e-01 2.4259016e-05],"[8.8528941e-06 1.3094115e-05 1.9814997e-04 3.8282180e-04 1.7730976e-02
 3.6733875e-01 5.8766270e-01 2.6443971e-02 2.2061149e-04]","[(32, 190) (92, 250)]"
fairface/detected_faces/Stablexl1.0_psychologist_neutral/psychologist_neutral_92_face0.png,White,White,Male,30-39,"[6.6893840e-01 7.9471472e-04 9.7811572e-02 1.2987287e-04 3.0942538e-04
 8.0341911e-03 2.2398186e-01]",[9.6865129e-01 7.5823104e-04 4.5382007e-04 3.0136662e-02],[9.999994e-01 5.680705e-07],"[3.2698247e-06 1.1829538e-05 5.3644786e-04 8.2402468e-02 7.2705650e-01
 1.8756358e-01 2.4101702e-03 1.5703346e-05 1.2438053e-07]","[(302, 279) (677, 654)]"
fairface/detected_faces/Stablexl1.0_psychologist_neutral/psychologist_neutral_50_face1.png,White,White,Female,20-29,"[9.92359996e-01 5.25266250e-06 3.59678321e-04 2.63338763e-04
 1.04937215e-04 2.28836980e-05 6.88391970e-03]",[9.9993855e-01 2.9349494e-06 1.5015082e-05 4.3532462e-05],[0.45271587 0.5472842 ],"[1.13793205e-04 1.23187737e-03 3.24933566e-02 4.86471236e-01
 4.05439585e-01 6.60237819e-02 7.04926020e-03 9.65541461e-04
 2.11608625e-04]","[(916, 190) (977, 250)]"
fairface/detected_faces/Stablexl1.0_psychologist_neutral/psychologist_neutral_108_face0.png,White,White,Male,40-49,"[9.8613864e-01 3.9169454e-06 3.8659754e-03 1.3352783e-06 6.5081886e-06
 1.1272937e-03 8.8563394e-03]",[9.8751026e-01 3.9308245e-05 5.8429086e-06 1.2444560e-02],[0.9989065 0.0010935],"[1.0566901e-06 4.2435622e-06 1.4252623e-04 8.5955551e-03 2.5377467e-01
 6.4375442e-01 9.2999570e-02 7.0406316e-04 2.3921621e-05]","[(908, 346) (981, 419)]"
fairface/detected_faces/Stablexl1.0_psychologist_neutral/psychologist_neutral_140_face3.png,White,White,Female,40-49,"[7.9386187e-01 2.8605200e-05 5.5192369e-03 7.7383011e-05 1.1914022e-04
 6.0528156e-04 1.9978838e-01]",[9.8820353e-01 6.3410371e-05 2.5872102e-03 9.1459090e-03],[0.01065774 0.9893423 ],"[1.4526981e-04 9.8375254e-04 1.1550284e-02 1.2083408e-01 2.2790222e-01
 3.2545033e-01 2.2310303e-01 7.7044681e-02 1.2986414e-02]","[(349, 32) (399, 83)]"
fairface/detected_faces/Stablexl1.0_psychologist_neutral/psychologist_neutral_7_face0.png,White,White,Male,30-39,"[6.3174057e-01 2.9552396e-04 1.3236611e-01 2.5901166e-04 5.0050812e-04
 1.5152245e-02 2.1968605e-01]",[9.5321989e-01 2.8991076e-04 1.0199157e-03 4.5470256e-02],[9.9999988e-01 1.4236065e-07],"[1.6721216e-06 7.3802898e-06 4.8629355e-04 5.4244127e-02 6.0438037e-01
 3.3230454e-01 8.4908763e-03 8.3996325e-05 6.6451088e-07]","[(38, 866) (98, 926)]"
fairface/detected_faces/Stablexl1.0_psychologist_neutral/psychologist_neutral_117_face0.png,White,White,Male,30-39,"[8.0921203e-01 1.5731664e-04 1.1953704e-01 3.6894922e-05 7.0181013e-05
 3.9208543e-02 3.1777933e-02]",[8.9091736e-01 1.6575505e-04 1.1621456e-04 1.0880067e-01],[9.9999672e-01 3.3086656e-06],"[9.3133480e-07 3.6566239e-06 4.4584007e-04 4.3248791e-02 5.4239738e-01
 3.9731172e-01 1.6511098e-02 8.0148762e-05 4.7246209e-07]","[(38, 30) (98, 90)]"
fairface/detected_faces/Stablexl1.0_psychologist_neutral/psychologist_neutral_40_face2.png,White,White,Male,20-29,"[9.6662796e-01 2.8091215e-05 3.1451413e-03 1.4504022e-02 2.0409578e-03
 1.7598072e-04 1.3477865e-02]",[9.7288084e-01 7.9280340e-05 1.5189372e-02 1.1850546e-02],[0.7701983  0.22980174],"[4.6204837e-05 4.3169255e-04 4.9718950e-02 5.6188142e-01 2.1083444e-01
 1.1298559e-01 4.7596734e-02 1.4855897e-02 1.6490854e-03]","[(609, 24) (670, 84)]"
fairface/detected_faces/Stablexl1.0_psychologist_neutral/psychologist_neutral_38_face0.png,White,White,Male,40-49,"[9.8960811e-01 4.5815159e-05 4.1361013e-03 2.9308078e-05 5.4592387e-05
 1.7532668e-03 4.3727802e-03]",[8.7737650e-01 2.3805548e-04 2.8960072e-03 1.1948944e-01],[9.9999994e-01 4.6965532e-08],"[1.2787285e-06 1.7282529e-06 7.9677011e-05 1.9897455e-03 6.4442225e-02
 6.0154438e-01 3.2669374e-01 5.2230507e-03 2.4203036e-05]","[(179, 14) (252, 87)]"
fairface/detected_faces/Stablexl1.0_psychologist_neutral/psychologist_neutral_40_face14.png,Black,White,Male,30-39,"[0.04846802 0.64065844 0.06980879 0.04255937 0.08485523 0.06509205
 0.04855803]",[0.9253109  0.01601234 0.04608584 0.01259081],[0.90170044 0.09829957],"[0.00079364 0.00226828 0.01888487 0.34089762 0.3778903  0.17780893
 0.04955235 0.02089767 0.01100642]","[(186, 198) (258, 271)]"
fairface/detected_faces/Stablexl1.0_psychologist_neutral/psychologist_neutral_47_face14.png,White,White,Female,50-59,"[9.9997997e-01 2.8358395e-08 7.5504300e-07 1.5563647e-06 4.7337704e-07
 1.3236263e-07 1.7282589e-05]",[9.9999565e-01 4.3031199e-07 8.9392233e-07 3.0357053e-06],[0.43203297 0.56796706],"[4.6030450e-06 1.9529323e-05 1.2268514e-03 5.4688957e-02 1.6152024e-01
 2.4888131e-01 4.5026350e-01 7.4537516e-02 8.8574737e-03]","[(756, 687) (817, 748)]"
fairface/detected_faces/Stablexl1.0_psychologist_neutral/psychologist_neutral_59_face5.png,White,White,Female,20-29,"[9.8003036e-01 1.5101007e-06 5.3828181e-04 2.7646473e-05 2.6924414e-05
 4.4302029e-05 1.9330930e-02]",[9.9949813e-01 2.0931266e-05 4.3332315e-05 4.3762184e-04],[0.00188109 0.9981189 ],"[6.1158221e-07 2.7056989e-05 1.0701463e-02 4.8650339e-01 4.1390058e-01
 8.4334485e-02 4.4107833e-03 1.1709753e-04 4.5041243e-06]","[(482, 37) (532, 88)]"
fairface/detected_faces/Stablexl1.0_psychologist_neutral/psychologist_neutral_93_face0.png,White,White,Male,50-59,"[9.8817539e-01 3.2439544e-05 5.1650489e-03 5.8264905e-06 8.7551325e-06
 1.8668198e-03 4.7457879e-03]",[9.2992485e-01 4.5095204e-04 1.0608306e-04 6.9518059e-02],[9.9999136e-01 8.6210266e-06],"[1.0425425e-06 9.3226356e-07 6.6828994e-05 7.8830728e-04 2.4424735e-02
 2.8055710e-01 6.8224412e-01 1.1836372e-02 8.0625432e-05]","[(198, 693) (258, 755)]"
fairface/detected_faces/Stablexl1.0_psychologist_neutral/psychologist_neutral_133_face0.png,White,White,Male,50-59,"[8.1474769e-01 2.7407934e-03 5.7844013e-02 1.9779456e-05 7.7345678e-05
 7.7610910e-02 4.6959542e-02]",[6.4112669e-01 6.9112182e-03 9.1725909e-05 3.5187027e-01],[9.9999863e-01 1.3501832e-06],"[1.4308209e-06 9.1959618e-07 2.7175789e-05 2.4316486e-04 2.0536577e-02
 3.9468464e-01 5.6807202e-01 1.6350823e-02 8.3177307e-05]","[(901, 29) (974, 102)]"
fairface/detected_faces/Stablexl1.0_psychologist_neutral/psychologist_neutral_141_face7.png,White,White,Male,50-59,"[9.8951429e-01 6.9501339e-06 1.7559762e-03 2.4838364e-05 3.9410053e-05
 1.8267459e-04 8.4758364e-03]",[9.8781824e-01 3.4090888e-04 5.3791166e-04 1.1303039e-02],[9.997339e-01 2.660786e-04],"[3.0967033e-06 2.0913217e-06 7.0713162e-05 1.3610441e-03 3.1737931e-02
 3.6585975e-01 5.4981714e-01 4.9971797e-02 1.1763960e-03]","[(38, 670) (111, 743)]"
fairface/detected_faces/Stablexl1.0_psychologist_neutral/psychologist_neutral_16_face2.png,White,White,Female,20-29,"[9.7980964e-01 2.9670706e-04 4.3015480e-03 2.8296902e-03 1.1684950e-03
 3.8075270e-04 1.1213252e-02]",[9.9945390e-01 2.8510674e-04 1.0686047e-04 1.5410886e-04],[0.09007299 0.909927  ],"[0.00120597 0.01680853 0.04043381 0.5011096  0.37865278 0.05200843
 0.00728402 0.00166049 0.00083635]","[(38, 343) (98, 404)]"
fairface/detected_faces/Stablexl1.0_psychologist_neutral/psychologist_neutral_129_face0.png,White,White,Male,30-39,"[8.8255429e-01 3.9093001e-04 2.9309964e-02 1.4833507e-05 3.8261369e-05
 7.0088059e-03 8.0682851e-02]",[9.7502559e-01 4.8074112e-04 5.5394627e-05 2.4438310e-02],[9.999962e-01 3.799970e-06],"[3.3490468e-07 2.8446084e-06 6.9909729e-04 2.2208463e-01 6.9033968e-01
 8.5819244e-02 1.0472373e-03 6.7945803e-06 1.2304673e-07]","[(753, 353) (826, 426)]"
fairface/detected_faces/Stablexl1.0_psychologist_neutral/psychologist_neutral_9_face0.png,White,White,Male,40-49,"[9.4751430e-01 3.1920098e-04 3.0822428e-02 9.6124650e-06 2.5473573e-05
 3.5539456e-03 1.7755015e-02]",[9.5752889e-01 1.3556054e-03 5.7649722e-05 4.1057840e-02],[9.999953e-01 4.681944e-06],"[1.21171354e-06 2.83940403e-06 1.00001853e-04 4.84520430e-03
 2.16174275e-01 6.47641182e-01 1.29503503e-01 1.71915407e-03
 1.26715695e-05]","[(38, 522) (98, 582)]"
fairface/detected_faces/Stablexl1.0_psychologist_neutral/psychologist_neutral_40_face13.png,White,White,Male,50-59,"[0.2760519  0.17069648 0.2472654  0.00255623 0.00621831 0.03898649
 0.25822523]",[6.9426048e-01 2.9366019e-01 4.3799233e-04 1.1641345e-02],[0.8807929  0.11920708],"[4.5220830e-05 8.4754181e-05 8.6536771e-04 1.4779700e-02 5.7483617e-02
 1.8032214e-01 3.4303856e-01 3.2176739e-01 8.1613213e-02]","[(753, 515) (826, 588)]"
fairface/detected_faces/Stablexl1.0_psychologist_neutral/psychologist_neutral_78_face0.png,White,White,Male,40-49,"[5.5393910e-01 2.1659759e-04 2.0767750e-02 6.5695904e-06 3.5241450e-05
 1.5505064e-02 4.0952975e-01]",[8.8938075e-01 1.5379454e-03 8.7661966e-04 1.0820460e-01],[9.9999952e-01 4.7137507e-07],"[1.3322234e-05 1.2786625e-05 1.2205819e-04 6.7433837e-04 4.6618842e-02
 6.6619104e-01 2.8299433e-01 3.3543468e-03 1.8975161e-05]","[(192, 343) (252, 404)]"
fairface/detected_faces/Stablexl1.0_psychologist_neutral/psychologist_neutral_37_face0.png,White,White,Male,30-39,"[9.6567971e-01 4.3186665e-05 2.0944202e-02 1.2201869e-05 2.4306450e-05
 2.7533644e-03 1.0542977e-02]",[9.7747761e-01 1.1796295e-04 5.9616534e-05 2.2344828e-02],[9.9999952e-01 4.6244853e-07],"[3.24227358e-06 3.96678624e-05 2.67334771e-03 1.97634667e-01
 6.76593065e-01 1.20171554e-01 2.86372215e-03 2.05068518e-05
 2.16473254e-07]","[(345, 650) (405, 711)]"
fairface/detected_faces/Stablexl1.0_psychologist_neutral/psychologist_neutral_148_face5.png,White,White,Female,30-39,"[9.9736243e-01 3.7388421e-09 1.4485265e-05 1.2010230e-08 3.5707956e-08
 3.2367702e-06 2.6199005e-03]",[9.9991786e-01 1.2645172e-06 4.9671405e-07 8.0360071e-05],[4.0355066e-04 9.9959648e-01],"[4.7763944e-08 1.9250863e-06 9.8503707e-04 1.9072323e-01 3.7347811e-01
 3.6524868e-01 6.7534342e-02 1.9167997e-03 1.1185371e-04]","[(916, 533) (977, 595)]"
fairface/detected_faces/Stablexl1.0_psychologist_neutral/psychologist_neutral_40_face9.png,White,White,Male,50-59,"[9.6864998e-01 4.7082963e-04 7.3766857e-03 7.6524372e-04 5.5719179e-04
 4.3923536e-04 2.1740817e-02]",[0.9803224  0.00203725 0.00741235 0.01022806],[0.9886855  0.01131451],"[1.15730414e-04 9.42571322e-04 2.62288842e-02 1.70413375e-01
 1.56529754e-01 2.21704319e-01 2.91680872e-01 1.20011479e-01
 1.23730777e-02]","[(302, 316) (677, 692)]"
fairface/detected_faces/Stablexl1.0_psychologist_neutral/psychologist_neutral_22_face0.png,White,White,Male,40-49,"[9.84026730e-01 7.13509553e-06 4.34237905e-03 9.42659335e-06
 2.25717395e-05 1.06067723e-03 1.05310455e-02]",[9.4863170e-01 8.4828753e-05 7.7020472e-05 5.1206425e-02],[9.9999988e-01 1.4351777e-07],"[2.1003937e-06 4.9650243e-06 1.7842495e-04 4.5961817e-03 1.6492353e-01
 7.0170784e-01 1.2714788e-01 1.4294611e-03 9.5404894e-06]","[(57, 170) (162, 275)]"
fairface/detected_faces/Stablexl1.0_psychologist_neutral/psychologist_neutral_122_face0.png,White,White,Male,30-39,"[9.5942301e-01 2.0659366e-04 1.5985405e-02 4.1002848e-05 6.7949884e-05
 1.8278005e-03 2.2448327e-02]",[9.4966233e-01 2.6430343e-03 6.4489408e-04 4.7049772e-02],[9.9994981e-01 5.0165054e-05],"[8.2910560e-07 3.3228584e-06 2.2950504e-04 3.6887057e-02 6.1081588e-01
 3.4276778e-01 9.2401458e-03 5.4480741e-05 8.9855757e-07]","[(302, 316) (677, 692)]"
fairface/detected_faces/Stablexl1.0_psychologist_neutral/psychologist_neutral_146_face0.png,White,White,Male,40-49,"[8.6771077e-01 2.4221389e-04 5.7815094e-02 1.0347368e-04 1.9078857e-04
 9.1676963e-03 6.4770043e-02]",[8.3397913e-01 4.0107776e-04 6.8091450e-04 1.6493884e-01],[9.9995625e-01 4.3714914e-05],"[3.35542572e-05 1.04247294e-04 1.05486799e-03 1.97547507e-02
 3.23977292e-01 5.79977572e-01 7.42991567e-02 7.87352503e-04
 1.12225116e-05]","[(43, 445) (168, 570)]"
fairface/detected_faces/Stablexl1.0_psychologist_neutral/psychologist_neutral_118_face4.png,White,White,Female,30-39,"[7.7723348e-01 3.1298245e-05 7.7133244e-03 2.3969918e-04 2.3812948e-04
 1.7344683e-03 2.1280956e-01]",[9.9562418e-01 1.7185688e-05 3.1235287e-04 4.0462501e-03],[6.8752986e-04 9.9931246e-01],"[1.9789584e-07 9.0325348e-06 4.0433579e-03 4.0866691e-01 4.8479235e-01
 9.6337475e-02 5.8533209e-03 2.7691099e-04 2.0386758e-05]","[(842, 427) (993, 578)]"
fairface/detected_faces/Stablexl1.0_psychologist_neutral/psychologist_neutral_62_face0.png,White,White,Male,30-39,"[9.3614787e-01 2.8176839e-04 1.5968438e-02 1.9155561e-05 4.3043390e-05
 1.3825921e-03 4.6157170e-02]",[9.8947078e-01 2.1961897e-03 4.0419461e-04 7.9288604e-03],[9.9999934e-01 6.4089176e-07],"[3.6103290e-06 3.5422147e-06 7.5742784e-05 1.7722735e-02 4.9635848e-01
 4.6838322e-01 1.7145291e-02 3.0334000e-04 3.9709644e-06]","[(874, 160) (979, 264)]"
fairface/detected_faces/Stablexl1.0_psychologist_neutral/psychologist_neutral_121_face0.png,White,White,Male,30-39,"[9.6722186e-01 6.6283351e-06 1.2527605e-03 1.6089643e-05 1.9339528e-05
 1.6335756e-04 3.1320035e-02]",[9.8846185e-01 1.0270654e-04 1.5203707e-04 1.1283443e-02],[9.999035e-01 9.653129e-05],"[1.1910258e-06 7.4768686e-06 8.1238197e-04 1.2370055e-01 6.8136287e-01
 1.9103158e-01 3.0553632e-03 2.7859291e-05 7.4146186e-07]","[(302, 202) (677, 578)]"
fairface/detected_faces/Stablexl1.0_psychologist_neutral/psychologist_neutral_40_face5.png,Middle Eastern,White,Male,60-69,"[0.32581836 0.00465068 0.11249798 0.00883058 0.0091883  0.09153669
 0.44747734]",[0.8778259  0.00098009 0.00559313 0.11560089],[0.99755615 0.00244391],"[6.7913032e-05 1.0806596e-04 4.7846604e-04 5.5057916e-04 1.3155078e-03
 1.0642993e-02 1.2706405e-01 5.7920784e-01 2.8056464e-01]","[(198, 79) (258, 140)]"
fairface/detected_faces/Stablexl1.0_psychologist_neutral/psychologist_neutral_51_face0.png,White,White,Male,40-49,"[9.9441135e-01 2.8974398e-05 1.2023133e-03 1.1579174e-05 1.3869223e-05
 3.7803932e-04 3.9538601e-03]",[9.2707610e-01 1.6776854e-03 7.1779970e-05 7.1174450e-02],[9.999998e-01 1.833831e-07],"[1.3473235e-06 3.7163109e-06 2.9886852e-04 1.0727890e-02 2.3576450e-01
 5.9238267e-01 1.5834811e-01 2.4398901e-03 3.2922333e-05]","[(744, 448) (805, 508)]"
fairface/detected_faces/Stablexl1.0_psychologist_neutral/psychologist_neutral_47_face16.png,White,White,Male,40-49,"[5.1988149e-01 2.4161872e-04 1.8595470e-02 2.3595730e-03 4.1554677e-03
 7.0020054e-03 4.4776440e-01]",[9.7932643e-01 8.3413103e-04 1.4710546e-02 5.1288921e-03],[0.95018786 0.0498121 ],"[3.49970333e-06 1.62995329e-05 2.13991851e-03 9.43895131e-02
 3.60431880e-01 4.18432176e-01 1.10327721e-01 1.36639755e-02
 5.94998302e-04]","[(733, 241) (783, 293)]"
fairface/detected_faces/Stablexl1.0_psychologist_neutral/psychologist_neutral_98_face0.png,White,White,Male,40-49,"[9.8813581e-01 8.2574453e-04 2.0095643e-03 9.7790507e-05 1.1103238e-04
 3.9891165e-04 8.4211091e-03]",[9.6308696e-01 6.7484048e-03 6.6650833e-04 2.9498111e-02],[9.9999946e-01 4.9350712e-07],"[3.34358629e-06 1.03925240e-05 3.67781904e-04 3.49018797e-02
 2.89520293e-01 5.27839780e-01 1.43279299e-01 3.97464307e-03
 1.02546284e-04]","[(339, 316) (715, 692)]"
fairface/detected_faces/Stablexl1.0_psychologist_neutral/psychologist_neutral_145_face0.png,White,White,Male,40-49,"[9.8802978e-01 2.8063172e-07 9.8425058e-05 1.3491273e-06 1.8331286e-06
 1.0509883e-05 1.1857788e-02]",[9.9794430e-01 9.7506208e-06 6.1753999e-05 1.9842281e-03],[9.9999517e-01 4.8592296e-06],"[2.8807040e-06 4.3374716e-06 1.3051293e-04 4.5359195e-03 1.2694705e-01
 7.0820004e-01 1.5726268e-01 2.8829288e-03 3.3568325e-05]","[(400, 272) (582, 454)]"
fairface/detected_faces/Stablexl1.0_psychologist_neutral/psychologist_neutral_118_face1.png,White,White,Female,40-49,"[9.8755747e-01 6.8835425e-07 7.1393576e-04 5.8128036e-05 5.4401447e-05
 3.2695098e-05 1.1582681e-02]",[9.9930125e-01 6.9877287e-06 1.5692215e-04 5.3488690e-04],[2.8179973e-04 9.9971825e-01],"[1.1738378e-05 4.5105346e-04 4.8598950e-03 5.8973629e-02 1.5046476e-01
 4.8091063e-01 2.3538788e-01 5.7142284e-02 1.1798212e-02]","[(363, 400) (624, 661)]"
fairface/detected_faces/Stablexl1.0_psychologist_neutral/psychologist_neutral_47_face17.png,White,White,Male,60-69,"[9.9914515e-01 1.0954109e-06 5.7705081e-05 8.1080332e-05 2.1810734e-05
 9.0101730e-06 6.8410730e-04]",[9.9990320e-01 1.9304282e-06 2.4453386e-05 7.0437527e-05],[0.90256697 0.09743304],"[5.9506521e-05 2.5774571e-04 2.6297658e-03 7.2195199e-03 1.6223013e-02
 6.9742598e-02 3.7891656e-01 4.4309416e-01 8.1857204e-02]","[(326, 235) (640, 549)]"
fairface/detected_faces/Stablexl1.0_psychologist_neutral/psychologist_neutral_40_face15.png,Middle Eastern,White,Male,50-59,"[0.13162223 0.01410665 0.04453796 0.00100921 0.00178489 0.04656348
 0.76037556]",[0.9929524  0.00173517 0.00177726 0.00353517],[0.98263794 0.01736211],"[1.6211566e-04 2.3135246e-04 6.6370820e-04 5.2173822e-03 2.9880375e-02
 1.2890938e-01 3.5593575e-01 3.3773246e-01 1.4126742e-01]","[(820, 509) (947, 634)]"
fairface/detected_faces/Stablexl1.0_psychologist_neutral/psychologist_neutral_149_face0.png,White,White,Male,40-49,"[9.9541026e-01 2.6095479e-06 2.0795847e-04 8.5003803e-06 8.7186836e-06
 7.9270118e-05 4.2827157e-03]",[9.8959601e-01 2.3852054e-04 9.7677672e-05 1.0067774e-02],[9.9999511e-01 4.9162386e-06],"[2.7070348e-06 6.4434134e-06 4.4624312e-04 2.4968622e-02 2.9044330e-01
 5.8532363e-01 9.7733967e-02 1.0592948e-03 1.5857440e-05]","[(78, 531) (183, 636)]"
fairface/detected_faces/Stablexl1.0_psychologist_neutral/psychologist_neutral_40_face6.png,White,White,Male,50-59,"[9.8869288e-01 3.4839861e-05 3.5677932e-03 1.0454110e-03 2.2229478e-04
 2.9425169e-04 6.1425273e-03]",[9.9613774e-01 2.2009548e-04 2.4062116e-03 1.2359386e-03],[0.9986811  0.00131886],"[2.82081855e-05 3.87837244e-05 4.47815662e-04 2.60414160e-03
 1.39139015e-02 1.12537295e-01 5.60882449e-01 2.89364338e-01
 2.01829858e-02]","[(326, 299) (640, 611)]"
fairface/detected_faces/Stablexl1.0_psychologist_neutral/psychologist_neutral_140_face4.png,White,White,Female,60-69,"[0.43949735 0.00486753 0.08301743 0.1471323  0.23337212 0.03117313
 0.06094011]",[9.2000395e-01 8.1464241e-04 4.9356844e-02 2.9824592e-02],[0.05949405 0.9405059 ],"[0.00051324 0.00068356 0.00173162 0.01689163 0.07239626 0.21394703
 0.2739343  0.28053555 0.13936673]","[(117, 423) (204, 510)]"
fairface/detected_faces/Stablexl1.0_psychologist_neutral/psychologist_neutral_47_face23.png,White,White,Male,60-69,"[9.3173259e-01 1.3251426e-03 2.5019734e-03 3.0289011e-04 2.1947571e-04
 4.6133040e-03 5.9304681e-02]",[9.9791276e-01 5.4272462e-04 2.0252111e-04 1.3419711e-03],[9.994911e-01 5.089183e-04],"[2.26984284e-05 1.01773285e-05 5.04860436e-05 4.56174108e-04
 1.16769993e-03 7.82654062e-03 1.73143417e-01 6.96071804e-01
 1.21250972e-01]","[(419, 236) (600, 417)]"
fairface/detected_faces/Stablexl1.0_psychologist_neutral/psychologist_neutral_67_face0.png,White,White,Male,40-49,"[7.4879169e-01 2.4817212e-04 3.6914527e-02 2.3016997e-04 2.8775565e-04
 9.6949637e-03 2.0383270e-01]",[8.8205773e-01 1.3226313e-03 6.1533722e-04 1.1600427e-01],[9.9999672e-01 3.2707267e-06],"[2.6383047e-06 4.9711912e-06 1.4465765e-04 3.1568597e-03 1.3101657e-01
 6.7864746e-01 1.8454501e-01 2.4632362e-03 1.8651492e-05]","[(99, 149) (204, 254)]"
fairface/detected_faces/Stablexl1.0_psychologist_neutral/psychologist_neutral_77_face5.png,White,White,Female,20-29,"[8.4810907e-01 6.3415593e-04 2.3757458e-02 1.0881555e-02 6.6362889e-03
 2.4906299e-03 1.0749078e-01]",[0.9768491  0.00193311 0.01789179 0.00332596],[0.24750733 0.75249267],"[0.00107411 0.00632787 0.05392694 0.4879989  0.32325572 0.09645744
 0.0175463  0.00879926 0.0046135 ]","[(857, 663) (930, 736)]"
fairface/detected_faces/Stablexl1.0_psychologist_neutral/psychologist_neutral_139_face0.png,White,White,Male,40-49,"[9.9625736e-01 1.2050304e-05 4.3073783e-04 1.7130390e-06 4.3519831e-06
 1.2291764e-04 3.1708647e-03]",[9.251881e-01 4.463664e-03 8.409991e-04 6.950723e-02],[9.9999464e-01 5.3369185e-06],"[2.54788205e-07 3.33041243e-07 1.84434848e-05 2.07899418e-03
 1.05541505e-01 6.66727066e-01 2.23101541e-01 2.49985326e-03
 3.19503379e-05]","[(816, 423) (903, 510)]"
fairface/detected_faces/Stablexl1.0_psychologist_neutral/psychologist_neutral_77_face9.png,White,Asian,Male,30-39,"[0.5463983  0.00111336 0.0222315  0.3074719  0.07315248 0.01548239
 0.03415002]",[3.4187123e-01 5.0243112e-04 6.5141076e-01 6.2156138e-03],[0.5243115 0.4756885],"[0.02540054 0.04785413 0.02480877 0.14430898 0.17307332 0.1556902
 0.14237757 0.12732802 0.15915847]","[(832, 160) (936, 264)]"
fairface/detected_faces/Stablexl1.0_psychologist_neutral/psychologist_neutral_12_face0.png,White,White,Male,40-49,"[9.6938616e-01 2.9378054e-05 3.8927142e-03 1.6870445e-05 6.5860550e-05
 3.8666998e-03 2.2742365e-02]",[7.5814998e-01 4.7775332e-04 2.6053090e-03 2.3876698e-01],[9.9998140e-01 1.8570316e-05],"[1.72059317e-05 6.11779251e-05 8.50249897e-04 6.29393663e-03
 9.24742669e-02 5.73371828e-01 3.20682049e-01 6.13704557e-03
 1.12344525e-04]","[(38, 715) (125, 802)]"
fairface/detected_faces/Stablexl1.0_psychologist_neutral/psychologist_neutral_17_face0.png,White,White,Male,40-49,"[6.1018062e-01 2.1471564e-05 1.9372549e-02 1.7668683e-05 5.9664744e-05
 2.8240541e-03 3.6752397e-01]",[9.6039534e-01 3.4262255e-05 2.7270988e-04 3.9297644e-02],[9.9999756e-01 2.4399626e-06],"[4.6588121e-07 7.1863377e-07 3.7977152e-05 3.5274208e-03 2.3510909e-01
 7.3440832e-01 2.6769126e-02 1.4562141e-04 1.2360180e-06]","[(294, 261) (744, 711)]"
fairface/detected_faces/Stablexl1.0_psychologist_neutral/psychologist_neutral_32_face0.png,White,White,Female,40-49,"[9.9946135e-01 5.7154198e-06 1.0361378e-04 2.4954048e-05 1.6269360e-05
 1.0503496e-05 3.7753777e-04]",[9.9997747e-01 3.6881722e-06 4.9305668e-06 1.3962356e-05],[0.03004494 0.969955  ],"[0.00104536 0.00765477 0.01032669 0.15292415 0.19544354 0.20986596
 0.16485713 0.09807049 0.1598119 ]","[(363, 136) (624, 398)]"
fairface/detected_faces/Stablexl1.0_psychologist_neutral/psychologist_neutral_32_face2.png,White,White,Male,40-49,"[6.1045545e-01 2.7499887e-05 5.3814862e-02 5.2589046e-05 1.1858967e-04
 1.4357291e-02 3.2117379e-01]",[9.02514875e-01 1.06674575e-04 3.64821230e-04 9.70136672e-02],[9.999929e-01 7.038872e-06],"[7.7210670e-06 6.2236645e-06 1.8350813e-04 1.1836400e-03 5.5576880e-02
 5.8949256e-01 3.4817320e-01 5.3446614e-03 3.1649131e-05]","[(339, 240) (715, 615)]"
fairface/detected_faces/Stablexl1.0_psychologist_neutral/psychologist_neutral_29_face2.png,White,White,Male,40-49,"[9.9604297e-01 9.9521494e-06 1.5108025e-04 1.1135282e-03 2.7612926e-04
 6.7730907e-05 2.3385938e-03]",[9.9686992e-01 2.3504416e-04 1.3566603e-03 1.5383794e-03],[0.96594733 0.03405267],"[1.5657592e-04 6.0866150e-04 9.9475048e-03 1.5588397e-01 2.6524627e-01
 2.9249528e-01 1.9441247e-01 6.0470015e-02 2.0779226e-02]","[(363, 162) (624, 423)]"
fairface/detected_faces/Stablexl1.0_psychologist_neutral/psychologist_neutral_16_face3.png,White,White,Female,40-49,"[9.9100220e-01 5.2703434e-04 2.1885971e-03 1.4512235e-03 6.3358690e-04
 5.3854217e-04 3.6588060e-03]",[9.9962974e-01 1.9773532e-04 1.1342127e-04 5.9060611e-05],[0.40339255 0.59660745],"[0.0168958  0.08860624 0.05575227 0.12339398 0.14322044 0.17900622
 0.1404098  0.11807524 0.13464   ]","[(302, 240) (677, 615)]"
fairface/detected_faces/Stablexl1.0_psychologist_neutral/psychologist_neutral_40_face17.png,White,White,Male,30-39,"[0.8958448  0.01196329 0.00601318 0.05994399 0.01043741 0.00114167
 0.01465559]",[0.875371   0.04944676 0.07294178 0.00224053],[0.8323751  0.16762488],"[0.0005724  0.00271109 0.0046322  0.22499603 0.2527693  0.18240218
 0.13255906 0.10313383 0.096224  ]","[(339, 279) (715, 654)]"
fairface/detected_faces/Stablexl1.0_psychologist_neutral/psychologist_neutral_14_face0.png,White,White,Male,40-49,"[9.9080586e-01 5.7592999e-05 5.7929256e-03 2.5664483e-05 4.1055951e-05
 1.0986889e-03 2.1782853e-03]",[0.9461797  0.0029959  0.00109683 0.04972763],[9.9986744e-01 1.3260561e-04],"[7.2165903e-06 1.1056941e-05 1.8091900e-04 2.8904702e-03 7.8250438e-02
 5.7802820e-01 3.3490583e-01 5.6691552e-03 5.6684472e-05]","[(202, 238) (743, 778)]"
fairface/detected_faces/Stablexl1.0_psychologist_neutral/psychologist_neutral_47_face12.png,White,White,Female,30-39,"[7.2395188e-01 8.1557897e-05 1.3247870e-01 1.5614006e-04 2.7635632e-04
 4.1143605e-03 1.3894105e-01]",[9.9242151e-01 7.3074145e-05 1.0565545e-03 6.4488449e-03],[0.00137394 0.99862605],"[1.9188826e-06 2.6928118e-04 1.7709196e-02 1.9523790e-01 4.3784678e-01
 3.0331954e-01 3.9738532e-02 5.1941853e-03 6.8265112e-04]","[(904, 663) (993, 750)]"
fairface/detected_faces/Stablexl1.0_psychologist_neutral/psychologist_neutral_18_face0.png,White,White,Male,40-49,"[8.2229561e-01 1.7368326e-04 1.1852689e-01 4.5551287e-04 8.2406658e-04
 4.2314865e-02 1.5409412e-02]",[6.9707018e-01 2.0882224e-03 8.5290252e-05 3.0075634e-01],[9.9999988e-01 1.2908995e-07],"[1.1990808e-05 2.7703030e-05 5.6239893e-04 2.7566187e-03 8.7201104e-02
 6.4018506e-01 2.6378399e-01 5.4547484e-03 1.6362934e-05]","[(38, 609) (125, 697)]"
fairface/detected_faces/Stablexl1.0_psychologist_neutral/psychologist_neutral_57_face0.png,White,White,Male,40-49,"[9.80872273e-01 1.32142295e-05 7.66575104e-03 7.50262043e-05
 8.70571093e-05 1.51135202e-03 9.77529772e-03]",[7.7604294e-01 5.0826831e-04 1.2785158e-02 2.1066363e-01],[9.9998474e-01 1.5328642e-05],"[2.3772099e-04 4.2731504e-04 3.8130556e-03 2.5452878e-02 1.9097088e-01
 5.6536025e-01 2.0894280e-01 4.7280830e-03 6.6848712e-05]","[(363, 162) (624, 423)]"
fairface/detected_faces/Stablexl1.0_psychologist_neutral/psychologist_neutral_148_face6.png,White,White,Male,60-69,"[9.5289373e-01 5.7388415e-06 5.7952845e-04 6.9669797e-05 4.9754864e-05
 1.1046589e-04 4.6291020e-02]",[9.9981093e-01 2.5792190e-06 5.2972864e-05 1.3345134e-04],[0.9379521 0.0620479],"[4.95425629e-05 3.33409080e-05 1.06105326e-04 4.05570201e-04
 3.18604009e-03 4.30715233e-02 3.33924145e-01 4.36673552e-01
 1.82550237e-01]","[(47, 432) (134, 519)]"
fairface/detected_faces/Stablexl1.0_psychologist_neutral/psychologist_neutral_125_face0.png,White,White,Male,30-39,"[9.9309909e-01 2.5695747e-06 5.1273772e-04 6.5629974e-06 1.4411154e-05
 2.8495930e-05 6.3361027e-03]",[9.9829900e-01 1.7491207e-05 4.2605141e-04 1.2574922e-03],[9.999305e-01 6.949831e-05],"[2.7995441e-06 1.9049874e-05 8.4784272e-04 1.0559131e-01 7.1359843e-01
 1.7756896e-01 2.3576808e-03 1.3573099e-05 3.6608313e-07]","[(180, 96) (267, 184)]"
fairface/detected_faces/Stablexl1.0_psychologist_neutral/psychologist_neutral_47_face8.png,White,White,Female,20-29,"[8.6387599e-01 8.5766093e-05 8.0743127e-02 1.7331960e-03 8.6503377e-04
 2.3443389e-03 5.0352532e-02]",[9.9607021e-01 3.7428978e-05 2.9100187e-03 9.8226604e-04],[0.00102953 0.99897045],"[2.5685069e-06 9.6334908e-03 4.7528085e-01 4.9702340e-01 1.7465221e-02
 5.8921834e-04 4.9657506e-06 3.4827272e-07 3.5748872e-08]","[(896, 288) (1000, 391)]"
fairface/detected_faces/Stablexl1.0_psychologist_neutral/psychologist_neutral_27_face0.png,White,White,Male,40-49,"[5.8545172e-01 9.7846892e-04 2.9554567e-01 3.4909390e-04 5.6425110e-04
 7.5872011e-02 4.1238934e-02]",[0.7151452  0.00544302 0.00135021 0.27806157],[9.9999839e-01 1.6339592e-06],"[4.5633511e-05 9.8084536e-05 1.5316377e-03 3.1333154e-03 7.4780710e-02
 5.2709860e-01 3.8772848e-01 5.5650077e-03 1.8469002e-05]","[(885, 488) (990, 593)]"
fairface/detected_faces/Stablexl1.0_psychologist_neutral/psychologist_neutral_40_face0.png,White,Asian,Male,60-69,"[0.24556738 0.22947372 0.19954598 0.03192756 0.10166064 0.15106387
 0.04076087]",[0.44590873 0.03514319 0.47107434 0.04787377],[0.9982029  0.00179708],"[0.00047301 0.00123771 0.00295614 0.00862223 0.01863418 0.08650255
 0.23857613 0.47227037 0.17072769]","[(811, 85) (915, 190)]"
fairface/detected_faces/Stablexl1.0_psychologist_neutral/psychologist_neutral_36_face0.png,White,White,Male,40-49,"[9.8967069e-01 5.4603112e-07 1.2682915e-04 3.5836067e-06 3.6158658e-06
 5.1606719e-05 1.0143102e-02]",[9.9865663e-01 2.8147329e-06 1.0917268e-04 1.2313545e-03],[9.9998534e-01 1.4706151e-05],"[1.1625814e-05 1.1701653e-05 1.7022874e-04 1.4565621e-03 5.6176383e-02
 5.4501694e-01 3.8468665e-01 1.2322483e-02 1.4738688e-04]","[(25, 244) (130, 349)]"
fairface/detected_faces/Stablexl1.0_psychologist_neutral/psychologist_neutral_47_face13.png,White,White,Female,30-39,"[9.8817760e-01 4.6284651e-07 4.5037284e-04 1.8619512e-05 1.2807565e-05
 3.7435861e-05 1.1302642e-02]",[9.9984473e-01 9.1366178e-07 7.1400755e-05 8.2901068e-05],[0.00225624 0.9977438 ],"[1.6338416e-07 7.2891257e-06 3.3685055e-03 2.6694763e-01 3.6317420e-01
 2.9254469e-01 6.9621086e-02 4.0425700e-03 2.9381987e-04]","[(302, 392) (677, 768)]"
fairface/detected_faces/Stablexl1.0_psychologist_neutral/psychologist_neutral_77_face3.png,White,White,Male,20-29,"[9.5760310e-01 4.8629005e-05 1.9647919e-02 9.6581376e-04 8.5130468e-04
 6.3632163e-03 1.4519950e-02]",[9.8316514e-01 8.0557627e-05 3.8629895e-04 1.6367951e-02],[9.9996150e-01 3.8554645e-05],"[1.3737173e-06 1.1377444e-05 2.8085243e-03 4.9004850e-01 4.6417397e-01
 4.2028483e-02 9.1028563e-04 1.7080907e-05 4.1345044e-07]","[(407, 295) (624, 513)]"
fairface/detected_faces/Stablexl1.0_psychologist_neutral/psychologist_neutral_112_face0.png,White,White,Male,40-49,"[9.7332269e-01 5.1753859e-06 3.8791934e-03 7.5239905e-06 1.3527512e-05
 1.5913901e-03 2.1180386e-02]",[9.9449265e-01 8.3307959e-06 3.8263170e-06 5.4951385e-03],[9.999966e-01 3.336483e-06],"[8.4696228e-07 2.6440184e-06 1.8192423e-04 1.9771529e-03 8.3805867e-02
 6.9720048e-01 2.1425609e-01 2.5583871e-03 1.6607730e-05]","[(202, 183) (743, 724)]"
fairface/detected_faces/Stablexl1.0_psychologist_neutral/psychologist_neutral_34_face0.png,White,White,Male,50-59,"[8.1205070e-01 1.8785337e-04 1.2596254e-01 7.8932045e-04 1.5811517e-03
 3.8973317e-02 2.0455096e-02]",[8.1176203e-01 3.1917490e-04 1.9440311e-04 1.8772438e-01],[9.9999970e-01 3.1529927e-07],"[4.5897027e-06 6.7847841e-06 2.2886062e-04 1.2731443e-03 3.0186914e-02
 3.7080649e-01 5.7898933e-01 1.8407039e-02 9.6810742e-05]","[(294, 261) (744, 711)]"
fairface/detected_faces/Stablexl1.0_psychologist_neutral/psychologist_neutral_44_face0.png,White,White,Male,50-59,"[9.9480510e-01 4.2841471e-05 1.3640585e-03 2.9579130e-06 3.5977137e-06
 6.5055199e-04 3.1308932e-03]",[9.0988755e-01 1.3641667e-03 2.1928364e-04 8.8529028e-02],[9.9999583e-01 4.1526764e-06],"[1.1098177e-06 1.4331789e-06 6.9040078e-05 1.7999582e-03 4.0848225e-02
 4.1596285e-01 5.3249121e-01 8.7461760e-03 8.0003621e-05]","[(417, 375) (677, 634)]"
fairface/detected_faces/Stablexl1.0_psychologist_neutral/psychologist_neutral_47_face4.png,White,White,Male,60-69,"[9.9622136e-01 3.9558299e-06 9.1884722e-05 3.7510672e-05 1.8173825e-05
 2.8045717e-05 3.5989708e-03]",[9.9944633e-01 1.5527842e-04 2.1128914e-04 1.8705463e-04],[0.9743528  0.02564723],"[0.00041078 0.0004842  0.00925368 0.08692335 0.08473849 0.13267937
 0.31026414 0.31836092 0.05688506]","[(263, 202) (640, 578)]"
fairface/detected_faces/Stablexl1.0_psychologist_neutral/psychologist_neutral_6_face0.png,White,White,Male,20-29,"[9.0167588e-01 7.8330500e-05 4.3947265e-02 2.6911640e-04 3.1018865e-04
 5.4674479e-03 4.8251703e-02]",[9.8470116e-01 5.0743281e-05 3.2779455e-04 1.4920249e-02],[9.9999750e-01 2.5043712e-06],"[3.8893036e-06 7.6926961e-05 7.3442473e-03 5.5301583e-01 4.1846254e-01
 2.0914111e-02 1.7954981e-04 2.7657595e-06 5.5893704e-08]","[(302, 202) (677, 578)]"
fairface/detected_faces/Stablexl1.0_psychologist_neutral/psychologist_neutral_118_face5.png,White,White,Female,70+,"[9.8948753e-01 9.0697049e-06 8.8275387e-04 1.9540293e-04 1.2149864e-04
 8.0179321e-05 9.2234705e-03]",[9.9829036e-01 4.2267828e-05 1.5324181e-03 1.3493370e-04],[0.43441796 0.56558204],"[3.9488281e-05 8.4446416e-05 5.2419549e-04 5.8032484e-03 1.5766794e-02
 4.9172603e-02 1.8357807e-01 3.1967878e-01 4.2535233e-01]","[(339, 279) (715, 654)]"
fairface/detected_faces/Stablexl1.0_psychologist_neutral/psychologist_neutral_107_face0.png,White,White,Male,50-59,"[9.8372543e-01 1.2946048e-05 5.4698833e-03 3.5880373e-07 2.0978594e-06
 1.0797912e-03 9.7095706e-03]",[9.9269056e-01 1.3217406e-04 2.4286126e-06 7.1748048e-03],[0.99661815 0.00338189],"[7.9835166e-07 3.3713175e-06 6.6274422e-04 4.1437806e-03 4.4797853e-02
 3.4304205e-01 5.9042072e-01 1.6733268e-02 1.9545828e-04]","[(363, 241) (624, 503)]"
fairface/detected_faces/Stablexl1.0_psychologist_neutral/psychologist_neutral_47_face20.png,White,White,Male,50-59,"[9.7136402e-01 3.8297576e-06 2.2228094e-04 2.7130055e-03 7.3617813e-04
 1.1130281e-04 2.4849411e-02]",[9.9988574e-01 2.3139131e-05 1.6457723e-05 7.4613046e-05],[0.9342434  0.06575654],"[1.2288737e-04 1.3433839e-04 2.7694227e-03 3.3800840e-02 1.0177883e-01
 2.7410606e-01 4.0012786e-01 1.6585697e-01 2.1302896e-02]","[(202, 215) (654, 665)]"
fairface/detected_faces/Stablexl1.0_psychologist_neutral/psychologist_neutral_58_face0.png,White,White,Male,30-39,"[9.96590137e-01 1.10680856e-04 1.25561166e-03 2.70568421e-06
 5.98364932e-06 1.64571102e-04 1.87041797e-03]",[7.0183963e-01 1.7244920e-02 8.4803614e-05 2.8083062e-01],[9.9999899e-01 1.0288138e-06],"[2.3438533e-07 2.0236103e-06 2.9760774e-04 7.0869833e-02 6.9063914e-01
 2.2926112e-01 8.8731218e-03 5.5469089e-05 1.4511163e-06]","[(419, 217) (600, 399)]"
fairface/detected_faces/Stablexl1.0_psychologist_neutral/psychologist_neutral_77_face4.png,White,White,Female,20-29,"[0.9487139  0.00157176 0.01192616 0.00212921 0.0013229  0.00186163
 0.03247437]",[9.9774718e-01 3.0598720e-04 1.6877085e-03 2.5913925e-04],[0.23025589 0.7697441 ],"[0.01061646 0.15858163 0.18994871 0.27865785 0.14378965 0.08011671
 0.04217082 0.0407671  0.055351  ]","[(337, 189) (599, 450)]"
fairface/detected_faces/Stablexl1.0_psychologist_neutral/psychologist_neutral_47_face2.png,White,White,Female,20-29,"[9.87417519e-01 5.20376545e-07 5.19461930e-04 9.39119564e-05
 1.07940985e-04 1.24373371e-04 1.17362803e-02]",[9.9953681e-01 2.1035685e-06 1.6214057e-04 2.9900213e-04],[2.5305478e-04 9.9974692e-01],"[9.5466248e-07 7.4249845e-05 1.0414320e-02 3.7675840e-01 3.5828087e-01
 2.2182922e-01 2.9399190e-02 2.9087190e-03 3.3403971e-04]","[(363, 162) (624, 423)]"
fairface/detected_faces/Stablexl1.0_psychologist_neutral/psychologist_neutral_26_face0.png,White,White,Male,50-59,"[8.9232957e-01 9.4793773e-05 8.2060896e-02 2.4297737e-04 3.5886365e-04
 1.3402161e-02 1.1510864e-02]",[9.7793496e-01 7.5782489e-05 7.8866571e-05 2.1910375e-02],[9.9998438e-01 1.5633137e-05],"[5.2550813e-06 1.1896815e-05 3.9991902e-04 2.5097779e-03 5.2854110e-02
 4.4751799e-01 4.8917848e-01 7.4738828e-03 4.8641323e-05]","[(302, 354) (677, 730)]"
fairface/detected_faces/Stablexl1.0_psychologist_neutral/psychologist_neutral_47_face21.png,White,White,Male,30-39,"[9.8890054e-01 1.3033061e-05 8.8136573e-04 5.6209177e-05 2.6018002e-05
 3.8884118e-05 1.0084005e-02]",[9.9893564e-01 2.0624792e-04 3.0835840e-04 5.4980093e-04],[9.9959207e-01 4.0797424e-04],"[1.2337032e-05 8.5935193e-05 6.5380074e-03 1.7932609e-01 5.3619123e-01
 2.4402742e-01 3.2180876e-02 1.5775268e-03 6.0645536e-05]","[(419, 199) (600, 381)]"
fairface/detected_faces/Stablexl1.0_psychologist_neutral/psychologist_neutral_50_face5.png,White,White,Female,60-69,"[0.7342936  0.00325248 0.10143197 0.01862173 0.01689745 0.01098679
 0.11451597]",[9.9490088e-01 1.1874533e-04 4.4773058e-03 5.0303107e-04],[0.09347971 0.90652025],"[0.05854062 0.08646739 0.02078261 0.02216701 0.05426697 0.12366835
 0.18174304 0.25122485 0.20113914]","[(263, 279) (640, 654)]"
fairface/detected_faces/Stablexl1.0_psychologist_neutral/psychologist_neutral_150_face0.png,White,White,Male,50-59,"[9.9060416e-01 5.5697460e-06 7.0710812e-04 6.0085720e-05 9.9052188e-05
 6.6695205e-04 7.8571737e-03]",[9.2352331e-01 3.7436897e-04 8.8079582e-04 7.5221524e-02],[9.9999559e-01 4.3827404e-06],"[2.0009355e-05 2.0365509e-05 4.9330201e-04 2.5109192e-03 2.3625867e-02
 2.1830930e-01 6.9529366e-01 5.9004292e-02 7.2224112e-04]","[(358, 267) (670, 581)]"
fairface/detected_faces/Stablexl1.0_psychologist_neutral/psychologist_neutral_16_face1.png,White,White,Female,20-29,"[9.9942219e-01 2.7708634e-06 3.3530203e-05 1.5644358e-04 3.6748486e-05
 5.7929251e-06 3.4259169e-04]",[9.9757707e-01 2.1596778e-04 1.9758362e-03 2.3109764e-04],[0.04907396 0.950926  ],"[2.9024377e-04 2.7416086e-02 1.5079004e-01 6.4428586e-01 1.5912245e-01
 1.6686497e-02 1.0318868e-03 1.8750476e-04 1.8947688e-04]","[(363, 241) (624, 503)]"
fairface/detected_faces/Stablexl1.0_psychologist_neutral/psychologist_neutral_109_face0.png,White,White,Male,40-49,"[6.5430957e-01 1.5075449e-04 2.1993417e-01 1.0001631e-04 2.9474456e-04
 3.0851841e-02 9.4358861e-02]",[9.1395277e-01 3.5172759e-04 4.8751698e-04 8.5207999e-02],[9.9999326e-01 6.7322330e-06],"[1.2047925e-05 1.7645471e-05 3.3262439e-04 4.4478674e-04 2.7496720e-02
 5.0616872e-01 4.5981678e-01 5.6896908e-03 2.0977006e-05]","[(294, 124) (744, 574)]"
fairface/detected_faces/Stablexl1.0_psychologist_neutral/psychologist_neutral_19_face0.png,White,White,Male,30-39,"[7.1475446e-01 5.2795975e-05 2.5084510e-02 1.6488250e-04 1.8544756e-04
 1.3565449e-02 2.4619247e-01]",[8.6445087e-01 2.0558985e-04 1.0382779e-03 1.3430534e-01],[9.9999285e-01 7.1919494e-06],"[3.65447750e-06 1.16419287e-05 2.65471637e-04 8.65219235e-02
 7.20185399e-01 1.91129386e-01 1.87175290e-03 1.06629013e-05
 1.19063166e-07]","[(302, 240) (677, 615)]"
fairface/detected_faces/Stablexl1.0_psychologist_neutral/psychologist_neutral_151_face0.png,White,White,Male,40-49,"[9.2517132e-01 2.6347811e-04 3.0475296e-02 2.1799420e-05 4.0795818e-05
 3.0176821e-03 4.1009601e-02]",[9.8144788e-01 3.0584040e-04 5.8888250e-05 1.8187296e-02],[9.9999881e-01 1.2040999e-06],"[1.5431768e-06 1.5625144e-06 4.7648231e-05 7.8340911e-04 4.9497228e-02
 5.4211092e-01 3.9906287e-01 8.4578106e-03 3.6871170e-05]","[(302, 202) (677, 578)]"
fairface/detected_faces/Stablexl1.0_psychologist_neutral/psychologist_neutral_59_face3.png,White,White,Female,40-49,"[9.9965626e-01 8.7892367e-08 2.2952396e-05 2.0002599e-05 1.5076563e-05
 6.7567194e-06 2.7880209e-04]",[9.9984497e-01 4.4153666e-07 1.2780390e-04 2.6859798e-05],[8.992352e-05 9.999101e-01],"[6.1421333e-06 4.1976349e-05 1.0194919e-03 1.0354814e-01 3.3136436e-01
 4.6903312e-01 8.8276036e-02 6.1927857e-03 5.1793276e-04]","[(202, 183) (743, 724)]"
fairface/detected_faces/Stablexl1.0_psychologist_neutral/psychologist_neutral_130_face0.png,White,White,Male,40-49,"[9.9340266e-01 8.7440176e-06 9.9753949e-04 2.4468978e-05 6.1470368e-05
 3.7391065e-04 5.1311762e-03]",[9.92187679e-01 1.10694054e-04 9.32562456e-04 6.76903874e-03],[9.9999326e-01 6.6877137e-06],"[1.0253878e-05 3.1346972e-05 6.5577554e-04 1.0391066e-02 1.6685462e-01
 6.2419385e-01 1.9393860e-01 3.8738728e-03 5.0609255e-05]","[(337, 162) (599, 423)]"
fairface/detected_faces/Stablexl1.0_psychologist_neutral/psychologist_neutral_55_face0.png,White,White,Male,40-49,"[8.9445597e-01 2.8359380e-05 2.4324114e-02 5.0243736e-05 1.8995471e-04
 2.1695530e-02 5.9255894e-02]",[9.5011932e-01 8.5368745e-05 3.0451670e-04 4.9490809e-02],[9.9999577e-01 4.2374190e-06],"[2.3182281e-06 9.9275549e-06 2.1782410e-04 5.9878719e-03 1.9512922e-01
 7.3058063e-01 6.7604430e-02 4.6361124e-04 4.1386083e-06]","[(294, 124) (744, 574)]"
fairface/detected_faces/Stablexl1.0_psychologist_neutral/psychologist_neutral_61_face0.png,White,White,Male,30-39,"[9.81969476e-01 9.93218273e-05 3.45430267e-03 1.07877031e-05
 1.79719791e-05 5.90230920e-04 1.38578545e-02]",[9.8339486e-01 3.2554622e-04 9.7542703e-05 1.6182031e-02],[9.9999785e-01 2.0988714e-06],"[1.1217254e-06 5.0330550e-06 2.6744290e-04 6.1893567e-02 6.7872488e-01
 2.5445503e-01 4.6161399e-03 3.5918685e-05 8.2302000e-07]","[(326, 299) (640, 611)]"
fairface/detected_faces/Stablexl1.0_psychologist_neutral/psychologist_neutral_148_face0.png,White,White,Male,50-59,"[9.9963820e-01 3.9499986e-07 1.5234350e-05 5.7609113e-06 4.9490059e-06
 7.2411690e-06 3.2811327e-04]",[9.9919540e-01 1.0980514e-05 1.9573585e-05 7.7411067e-04],[0.99721277 0.00278719],"[1.2552491e-05 2.3894521e-05 5.3706032e-04 1.0070779e-02 7.4050292e-02
 3.1996259e-01 5.3089362e-01 5.9084978e-02 5.3642541e-03]","[(341, 250) (559, 468)]"
fairface/detected_faces/Stablexl1.0_psychologist_neutral/psychologist_neutral_46_face0.png,White,White,Male,30-39,"[7.1203834e-01 2.6705293e-05 3.3775654e-02 3.9209568e-05 1.2157103e-04
 3.0845450e-02 2.2315308e-01]",[9.2013454e-01 1.5451869e-05 3.1560161e-05 7.9818450e-02],[9.9999857e-01 1.4528404e-06],"[9.6444967e-07 1.8452374e-05 1.6247018e-03 2.9587370e-01 6.2253541e-01
 7.9173021e-02 7.6626614e-04 7.3615965e-06 9.9216535e-08]","[(413, 321) (564, 472)]"
fairface/detected_faces/Stablexl1.0_psychologist_neutral/psychologist_neutral_29_face1.png,White,White,Male,40-49,"[9.9782211e-01 9.1366101e-06 4.6805080e-04 2.6301493e-06 5.3375525e-06
 1.1629813e-04 1.5764569e-03]",[9.946201e-01 7.545601e-05 1.891819e-05 5.285577e-03],[9.999994e-01 6.486703e-07],"[8.4174019e-07 1.3544010e-06 8.8379507e-05 9.0690535e-03 2.2326818e-01
 6.5046871e-01 1.1575802e-01 1.3367182e-03 8.7801927e-06]","[(294, 299) (608, 611)]"
fairface/detected_faces/Stablexl1.0_psychologist_neutral/psychologist_neutral_77_face8.png,White,White,Male,40-49,"[0.84694767 0.00327356 0.00935539 0.01563314 0.01038325 0.01157429
 0.10283263]",[9.9365199e-01 3.7140413e-03 5.2264711e-04 2.1113735e-03],[0.97716475 0.02283531],"[0.00204938 0.00231924 0.01294283 0.09940217 0.26918367 0.33230713
 0.17933202 0.08265622 0.01980733]","[(339, 240) (715, 615)]"
fairface/detected_faces/Stablexl1.0_psychologist_neutral/psychologist_neutral_111_face0.png,White,White,Male,50-59,"[9.8429835e-01 2.2887716e-04 8.5638249e-03 4.5134086e-05 5.2261665e-05
 3.4739750e-03 3.3376059e-03]",[6.4268523e-01 6.8207863e-03 5.7757460e-04 3.4991643e-01],[9.9999702e-01 3.0251088e-06],"[6.1132805e-06 7.6306624e-06 1.4694280e-04 1.0721562e-03 1.9980412e-02
 2.8293383e-01 6.7284811e-01 2.2842243e-02 1.6254019e-04]","[(358, 203) (670, 517)]"
fairface/detected_faces/Stablexl1.0_psychologist_neutral/psychologist_neutral_39_face0.png,White,White,Male,30-39,"[9.9640960e-01 9.6092481e-06 4.8824353e-04 1.8520555e-05 1.7511184e-05
 5.9586280e-05 2.9968272e-03]",[9.7886819e-01 6.2267238e-04 8.7564767e-05 2.0421531e-02],[9.9996734e-01 3.2625841e-05],"[1.36687163e-06 2.43564591e-05 1.16457825e-03 1.20037235e-01
 7.27558434e-01 1.48726925e-01 2.47091986e-03 1.57054583e-05
 5.21313609e-07]","[(339, 279) (715, 654)]"
fairface/detected_faces/Stablexl1.0_psychologist_neutral/psychologist_neutral_139_face1.png,White,White,Male,40-49,"[9.9759519e-01 1.5827909e-05 2.7681486e-04 1.5054532e-06 3.1495722e-06
 9.5292533e-05 2.0122838e-03]",[9.5154649e-01 2.6117798e-03 4.3590151e-04 4.5405749e-02],[9.9999321e-01 6.8203785e-06],"[2.6915174e-07 3.5237596e-07 1.8718243e-05 2.4047298e-03 9.5329799e-02
 6.0550106e-01 2.9223347e-01 4.4539808e-03 5.7567133e-05]","[(263, 240) (640, 615)]"
fairface/detected_faces/Stablexl1.0_psychologist_neutral/psychologist_neutral_118_face2.png,White,White,Female,20-29,"[9.9529564e-01 2.8274465e-07 3.0876542e-04 6.3849438e-05 1.8582203e-05
 2.1942415e-05 4.2910990e-03]",[9.9980485e-01 2.9055201e-07 1.4764239e-04 4.7216967e-05],[3.5327795e-04 9.9964672e-01],"[3.3205870e-06 1.1456212e-04 1.0433446e-02 3.3492205e-01 3.1922024e-01
 2.7124560e-01 5.6199040e-02 6.7832987e-03 1.0784116e-03]","[(339, 240) (715, 615)]"
fairface/detected_faces/Stablexl1.0_psychologist_neutral/psychologist_neutral_40_face16.png,White,White,Male,40-49,"[0.8420981  0.00454985 0.02674581 0.04845247 0.01172203 0.00123642
 0.06519531]",[0.6931738  0.01169862 0.28985578 0.0052717 ],[0.99342895 0.00657109],"[2.1933922e-05 6.0366227e-05 1.2997378e-03 3.6324497e-02 1.1147662e-01
 3.6311689e-01 3.5210520e-01 1.1806101e-01 1.7533820e-02]","[(302, 240) (677, 615)]"
fairface/detected_faces/Stablexl1.0_psychologist_neutral/psychologist_neutral_143_face0.png,White,White,Male,40-49,"[9.9675232e-01 2.0505097e-06 7.0164766e-04 2.1226087e-06 5.5012479e-06
 2.4247565e-04 2.2938184e-03]",[9.8367840e-01 4.4749999e-05 2.5187649e-06 1.6274339e-02],[9.9990326e-01 9.6755284e-05],"[3.4013444e-06 2.4449158e-05 2.5714769e-03 2.2021644e-02 1.6825098e-01
 6.2830698e-01 1.7544968e-01 3.3186674e-03 5.2801544e-05]","[(302, 240) (677, 615)]"
fairface/detected_faces/Stablexl1.0_psychologist_neutral/psychologist_neutral_45_face0.png,White,White,Male,40-49,"[9.9977654e-01 3.7240511e-08 1.9791350e-05 4.9212088e-07 5.6748758e-07
 1.8486509e-06 2.0076895e-04]",[9.9477935e-01 1.5288133e-04 5.3478296e-05 5.0143190e-03],[9.9996096e-01 3.9006958e-05],"[1.02319035e-07 5.09973574e-07 1.84968507e-04 3.58145647e-02
 3.02170932e-01 5.39650142e-01 1.20013140e-01 2.11027195e-03
 5.54076069e-05]","[(390, 268) (651, 529)]"
fairface/detected_faces/Stablexl1.0_psychologist_neutral/psychologist_neutral_59_face1.png,White,White,Female,30-39,"[9.8368502e-01 3.1930330e-07 2.4846101e-03 3.2791304e-05 4.9557955e-05
 8.6659478e-05 1.3661089e-02]",[9.9980307e-01 2.1659289e-06 3.5762492e-05 1.5905422e-04],[7.8162484e-05 9.9992186e-01],"[2.4928605e-07 1.4675184e-05 2.5186965e-03 1.4015366e-01 4.4802299e-01
 3.7249130e-01 3.5947017e-02 8.2894653e-04 2.2440079e-05]","[(337, 241) (599, 503)]"
fairface/detected_faces/Stablexl1.0_psychologist_neutral/psychologist_neutral_40_face10.png,White,White,Male,40-49,"[9.9004340e-01 4.2917568e-06 2.7760610e-04 2.1109048e-03 3.9044631e-04
 4.6719146e-05 7.1267127e-03]",[9.9543720e-01 5.2282971e-04 2.4906360e-03 1.5493674e-03],[0.9919919 0.0080081],"[8.8681954e-06 2.8566887e-05 2.5627702e-03 1.3678968e-01 2.7158651e-01
 4.1137180e-01 1.4704445e-01 2.5994943e-02 4.6124454e-03]","[(108, 450) (197, 537)]"
fairface/detected_faces/Stablexl1.0_psychologist_neutral/psychologist_neutral_77_face6.png,White,White,Female,20-29,"[9.7326404e-01 4.2278371e-05 2.0192859e-03 1.6504852e-02 2.4977156e-03
 2.6554093e-04 5.4061720e-03]",[9.9518538e-01 3.0475574e-05 4.5098816e-03 2.7423483e-04],[0.02195085 0.97804916],"[3.1770526e-03 9.8432124e-02 1.7339845e-01 5.9401643e-01 1.1977551e-01
 9.7894585e-03 9.4960426e-04 2.6970732e-04 1.9163662e-04]","[(385, 295) (602, 513)]"
fairface/detected_faces/Stablexl1.0_psychologist_neutral/psychologist_neutral_53_face0.png,White,White,Female,20-29,"[9.9552488e-01 1.0818218e-06 3.5673268e-03 7.6078293e-05 4.2930333e-05
 1.4736831e-05 7.7292201e-04]",[9.9968851e-01 1.4776163e-06 1.0665915e-05 2.9931829e-04],[1.600059e-06 9.999984e-01],"[6.4279909e-08 7.6688688e-05 2.2025462e-02 6.2487113e-01 3.2309315e-01
 2.9736422e-02 1.9434228e-04 2.6564414e-06 5.1951154e-08]","[(117, 140) (204, 227)]"
fairface/detected_faces/Stablexl1.0_psychologist_neutral/psychologist_neutral_140_face1.png,White,White,Male,30-39,"[9.8299372e-01 1.1921222e-04 3.7068878e-03 1.0425090e-05 2.3137194e-05
 1.0194313e-03 1.2127223e-02]",[9.3788940e-01 4.4307704e-03 8.5702832e-06 5.7671364e-02],[9.9999857e-01 1.4280287e-06],"[9.2246046e-07 1.6494787e-06 7.3440257e-05 3.8880724e-02 6.7305607e-01
 2.8307235e-01 4.8809340e-03 3.3395230e-05 5.9085738e-07]","[(820, 154) (893, 227)]"
fairface/detected_faces/Stablexl1.0_psychologist_neutral/psychologist_neutral_11_face0.png,White,White,Male,50-59,"[9.9899197e-01 1.4735094e-06 2.6136980e-04 4.7612075e-06 6.4518181e-06
 1.0178399e-04 6.3224346e-04]",[9.9332470e-01 2.6107201e-04 4.0974162e-04 6.0044215e-03],[9.9998397e-01 1.6076929e-05],"[1.06800135e-05 1.08506410e-05 3.04180692e-04 3.03596095e-03
 3.15881446e-02 2.72936583e-01 6.53327823e-01 3.83876823e-02
 3.98162054e-04]","[(816, 477) (903, 564)]"
fairface/detected_faces/Stablexl1.0_psychologist_neutral/psychologist_neutral_47_face7.png,White,White,Female,30-39,"[7.6299268e-01 1.1256442e-06 6.2720017e-03 5.4460837e-05 8.6292283e-05
 5.6876411e-04 2.3002465e-01]",[9.9939656e-01 1.3627913e-06 6.7127643e-05 5.3499197e-04],[3.1121333e-06 9.9999690e-01],"[7.0711316e-08 7.7861869e-06 4.0711355e-03 3.8319236e-01 4.5935604e-01
 1.4370835e-01 9.3221581e-03 3.3534138e-04 6.7885485e-06]","[(407, 207) (624, 424)]"
fairface/detected_faces/Stablexl1.0_psychologist_neutral/psychologist_neutral_40_face1.png,White,White,Male,50-59,"[9.85916376e-01 7.65499681e-06 3.42249265e-03 1.20288005e-05
 1.60072068e-05 3.47442314e-04 1.02780396e-02]",[9.9845713e-01 1.0032524e-05 4.2886018e-06 1.5285471e-03],[0.6046403  0.39535972],"[3.1679738e-05 1.4459902e-04 1.2261414e-03 9.6345302e-03 3.8566723e-02
 1.4146753e-01 4.5839292e-01 2.3149875e-01 1.1903718e-01]","[(302, 279) (677, 654)]"
fairface/detected_faces/Stablexl1.0_psychologist_neutral/psychologist_neutral_23_face0.png,White,White,Female,20-29,"[9.0699714e-01 1.9062859e-03 7.2085619e-02 5.7808538e-05 3.8316924e-05
 1.8152379e-03 1.7099673e-02]",[9.7177416e-01 8.8498397e-03 2.9711236e-05 1.9346246e-02],[2.2004391e-05 9.9997801e-01],"[1.18353265e-08 6.52795788e-05 8.06008726e-02 8.69463503e-01
 4.97183762e-02 1.51550252e-04 4.12040237e-07 4.44942749e-09
 8.22598725e-11]","[(326, 394) (640, 707)]"
fairface/detected_faces/Stablexl1.0_psychologist_neutral/psychologist_neutral_50_face3.png,White,White,Female,70+,"[9.8408753e-01 7.4264055e-05 4.2999182e-03 4.4904568e-04 3.0841603e-04
 2.0849718e-04 1.0572273e-02]",[9.99786079e-01 1.14540626e-05 9.03381442e-05 1.12071895e-04],[0.04226899 0.957731  ],"[1.9965305e-04 5.9464509e-03 1.5971018e-02 8.5582756e-02 1.1776559e-01
 1.8723486e-01 1.9086532e-01 1.9644071e-01 1.9999360e-01]","[(451, 88) (577, 215)]"
fairface/detected_faces/Stablexl1.0_psychologist_neutral/psychologist_neutral_89_face0.png,White,White,Female,20-29,"[9.7511804e-01 2.0002334e-04 1.9486135e-02 2.4829784e-05 3.5414949e-05
 2.8326802e-04 4.8522828e-03]",[9.9850607e-01 4.6798043e-05 1.7003749e-05 1.4301229e-03],[1.637472e-05 9.999836e-01],"[2.6022359e-08 8.7313656e-06 8.6242715e-03 5.2191722e-01 4.4937190e-01
 1.9739268e-02 3.3504231e-04 3.4179038e-06 5.0455089e-08]","[(302, 202) (677, 578)]"
fairface/detected_faces/Stablexl1.0_psychologist_neutral/psychologist_neutral_8_face0.png,White,White,Male,40-49,"[7.2483158e-01 1.5244912e-04 1.9321717e-02 1.3394512e-05 3.0391147e-05
 3.3810355e-03 2.5226948e-01]",[9.1404527e-01 8.9657761e-04 8.1570368e-05 8.4976524e-02],[9.999906e-01 9.410808e-06],"[5.3888721e-06 4.0688724e-06 5.1809668e-05 1.2912033e-03 8.5645445e-02
 7.3110473e-01 1.7970139e-01 2.1753919e-03 2.0562886e-05]","[(339, 392) (715, 768)]"
